# name: debug
# type: sparse matrix
# nnz: 8784
# rows: 492
# columns: 492

1 1 7546278494.078039169
2 1 -2383518343.346315861
3 1 -3406572313.631474972
4 1 -29944608.205034338
5 1 -200264956.360505879
6 1 88861516.119353428
7 1 -995232352.624093413
8 1 661091415.315448761
9 1 380382883.175786078
10 1 11866073.347539661
11 1 30039318.777630303
12 1 -23105914.991596006
1 2 -2383518343.346252441
2 2 12686551202.182687759
3 2 -1492663353.236501217
4 2 248423217.147212803
5 2 29984695.609967582
6 2 -177655723.442295074
7 2 678992147.651997089
8 2 -2221358864.698929310
9 2 196098868.629594117
10 2 -46526067.447252207
11 2 -12280826.504584894
12 2 42874000.605977967
1 3 -3406572313.631472588
2 3 -1492663353.236496687
3 3 2908821982.642361164
4 3 -55761560.468846142
5 3 107444400.942973703
6 3 -40087.405001599
7 3 385032113.210563898
8 3 183813405.384435624
9 3 -373377383.276540637
10 3 8359721.356721319
11 3 -14638165.780274419
12 3 254841.354432029
1 4 -29944608.204579480
2 4 248423217.146452814
3 4 -55761560.468896031
4 4 6763106.579656211
5 4 -257914.293965658
6 4 -4051823.889357010
7 4 12112995.630110990
8 4 -44830595.774581432
9 4 8290508.734813384
10 4 -1476221.704336018
11 4 -150654.982252394
12 4 1145003.774682721
1 5 -200264956.360275775
2 5 29984695.609149061
3 5 107444400.943083242
4 5 -257914.293420450
5 5 6863960.740615076
6 5 -2449620.922290783
7 5 29122170.725829516
8 5 -11711805.192361258
9 5 -13983900.411396528
10 5 -156104.404606461
11 5 -1292826.855461450
12 5 660989.546958583
1 6 88861516.118967965
2 6 -177655723.441265732
3 6 -40087.404898059
4 6 -4051823.886780420
5 6 -2449620.921304684
6 6 4371427.327594649
7 6 -22251196.182000544
8 6 40985149.082390144
9 6 -245136.064680978
10 6 1117009.546656574
11 6 676315.629482445
12 6 -1264090.537453152
1 7 -995232352.624093413
2 7 678992147.651997089
3 7 385032113.210563898
4 7 12112995.630110990
5 7 29122170.725829516
6 7 -22251196.182000544
7 7 9371591694.336389542
8 7 -2976209052.093844414
9 7 -4373020564.547633171
10 7 -174864049.960496724
11 7 -729662804.123403668
12 7 391865738.860960662
13 7 -798377079.352726460
14 7 183533023.072298825
15 7 245410425.021967769
16 7 144011753.927543789
17 7 427189074.210876763
18 7 -290580424.904333234
1 8 661091415.315448761
2 8 -2221358864.698929310
3 8 183813405.384435624
4 8 -44830595.774581432
5 8 -11711805.192361258
6 8 40985149.082390144
7 8 -2976209052.093870640
8 8 16902017689.710727692
9 8 -1765201132.693620682
10 8 974315186.036173224
11 8 135276468.007541150
12 8 -654622314.501099467
13 8 175856901.881841302
14 8 -1076122968.063431025
15 8 141464054.132572293
16 8 -620292826.502732992
17 8 -98716815.155406579
18 8 421573854.405426860
1 9 380382883.175786078
2 9 196098868.629594117
3 9 -373377383.276540637
4 9 8290508.734813384
5 9 -13983900.411396528
6 9 -245136.064680978
7 9 -4373020564.547579765
8 9 -1765201132.693634272
9 9 3874180921.855885983
10 9 -231155871.027044624
11 9 279412974.814515591
12 9 39587581.954839587
13 9 253011988.033371627
14 9 129998551.912352577
15 9 -165424938.635956556
16 9 161284084.023695469
17 9 -129728460.147853523
18 9 -35910246.980960421
1 10 11866073.347539661
2 10 -46526067.447252207
3 10 8359721.356721319
4 10 -1476221.704336018
5 10 -156104.404606461
6 10 1117009.546656574
7 10 -174864049.960725337
8 10 974315186.035252094
9 10 -231155871.027478129
10 10 2654414997.681328773
11 10 423245390.294524431
12 10 -2422772568.262648582
13 10 127719044.686659694
14 10 -524816626.608195186
15 10 166458906.273432940
16 10 -2621930381.774640560
17 10 -403363724.435232997
18 10 2400418217.534877300
1 11 30039318.777630303
2 11 -12280826.504584894
3 11 -14638165.780274419
4 11 -150654.982252394
5 11 -1292826.855461450
6 11 676315.629482445
7 11 -729662804.128280163
8 11 135276468.002549797
9 11 279412974.816096067
10 11 423245390.165885925
11 11 754527718.762295246
12 11 -754996123.279309869
13 11 416728365.404038966
14 11 -84822430.180463850
15 11 -117363258.441668957
16 11 -425299739.632631719
17 11 -699660141.581380725
18 11 757699195.106096983
1 12 -23105914.991596006
2 12 42874000.605977967
3 12 254841.354432029
4 12 1145003.774682721
5 12 660989.546958583
6 12 -1264090.537453152
7 12 391865738.863550782
8 12 -654622314.501853108
9 12 39587581.956062645
10 12 -2422772568.374374866
11 12 -754996123.299057245
12 12 2550598297.235283375
13 12 -265025841.378143787
14 12 332584729.623647392
15 12 -51104717.982361615
16 12 2409983532.115174770
17 12 716116338.967434525
18 12 -2541578281.039375782
7 13 -798377079.352726460
8 13 175856901.881841302
9 13 253011988.033371627
10 13 127719044.686659694
11 13 416728365.404038966
12 13 -265025841.378143787
13 13 1901161156.831414461
14 13 -654140955.023225665
15 13 -775214283.636697173
16 13 5873752157.286999702
17 13 1059251159.490474701
18 13 -4413667818.068215370
19 13 -536028618.447129548
20 13 284638156.272350430
21 13 134921151.441427439
22 13 -6007119740.774003983
23 13 -1463871158.444143057
24 13 4694134008.061874390
7 14 183533023.072298825
8 14 -1076122968.063431025
9 14 129998551.912352577
10 14 -524816626.608195186
11 14 -84822430.180463850
12 14 332584729.623647392
13 14 -654140955.023296475
14 14 3475329515.460960388
15 14 -467764008.915514112
16 14 -13027085920.631153107
17 14 -1606801362.255040407
18 14 9807460396.783998489
19 14 289280995.828829825
20 14 -1165926816.666747093
21 14 228465711.388690978
22 14 13583704264.214311600
23 14 1632034982.592878819
24 14 -10155677156.599910736
7 15 245410425.021967769
8 15 141464054.132572293
9 15 -165424938.635956556
10 15 166458906.273432940
11 15 -117363258.441668957
12 15 -51104717.982361615
13 15 -775214283.636720061
14 15 -467764008.915837586
15 15 755380976.859073758
16 15 5750407123.108790398
17 15 119264297.871839091
18 15 -4266950795.128346920
19 15 137715083.627021432
20 15 213004610.033015609
21 15 -218542000.740236253
22 15 -5927395428.108569145
23 15 39690461.795718320
24 15 4309508604.920999527
7 16 144011753.927543789
8 16 -620292826.502732992
9 16 161284084.023695469
10 16 -2621930381.774640560
11 16 -425299739.632631719
12 16 2409983532.115174770
13 16 5873752157.464632988
14 16 -13027085920.224662781
15 16 5750407123.108006477
16 16 574591492933.868041992
17 16 -2323824234.824574947
18 16 -422033976237.857604980
19 16 -5896840733.495437622
20 16 12424263852.609560013
21 16 -5849629358.048453331
22 16 -572201982150.731201172
23 16 5055203341.609032631
24 16 419233333836.777770996
7 17 427189074.210876763
8 17 -98716815.155406579
9 17 -129728460.147853523
10 17 -403363724.435232997
11 17 -699660141.581380725
12 17 716116338.967434525
13 17 1059251159.708443761
14 17 -1606801362.042147398
15 17 119264297.800601855
16 17 -2323824332.712892532
17 17 1055109313608.881225586
18 17 -165976436703.561004639
19 17 -87322335.677999899
20 17 1531518618.662055731
21 17 -994179177.569639921
22 17 860271010.717396617
23 17 -1053802908690.613403320
24 17 168740478443.649841309
7 18 -290580424.904333234
8 18 421573854.405426860
9 18 -35910246.980960421
10 18 2400418217.534877300
11 18 757699195.106096983
12 18 -2541578281.039375782
13 18 -4413667818.635657310
14 18 9807460396.561178207
15 18 -4266950795.140618801
16 18 -422033975941.042175293
17 18 -165976436305.347442627
18 18 338474639066.486633301
19 18 4389634047.417345047
20 18 -9287263153.508132935
21 18 4420155619.875397682
22 18 420083673727.796630859
23 18 163399511878.685760498
24 18 -336224639600.276428223
13 19 -536028618.447129548
14 19 289280995.828829825
15 19 137715083.627021432
16 19 -5896840733.495437622
17 19 -87322335.677999899
18 19 4389634047.417345047
19 19 1733666603.575183868
20 19 -726022805.645078421
21 19 -720847776.320855737
22 19 6662828138.632160187
23 19 1501671021.112951279
24 19 -5531317982.754176140
25 19 -677233429.081506610
26 19 337432060.444980145
27 19 282978046.692531645
28 19 -739944260.066559792
29 19 -1372478211.431466818
30 19 1149753912.207702637
13 20 284638156.272350430
14 20 -1165926816.666747093
15 20 213004610.033015609
16 20 12424263852.609560013
17 20 1531518618.662055731
18 20 -9287263153.508132935
19 20 -726022805.645016670
20 20 3520381611.198269367
21 20 -521480349.168841124
22 20 -15560493956.323562622
23 20 -1758402839.949836969
24 20 11396210055.693634033
25 20 364246436.744003594
26 20 -1508425839.348061800
27 20 212658158.639951825
28 20 3051935204.236496925
29 20 309797905.855714500
30 20 -2097356930.492979050
13 21 134921151.441427439
14 21 228465711.388690978
15 21 -218542000.740236253
16 21 -5849629358.048453331
17 21 -994179177.569639921
18 21 4420155619.875397682
19 21 -720847776.320735812
20 21 -521480349.168843448
21 21 828640161.645746350
22 21 7193434411.585723877
23 21 502828787.929387867
24 21 -4904425298.669213295
25 21 280312633.422889054
26 21 213205053.587591499
27 21 -375636279.219714046
28 21 -1335777563.478595018
29 21 424227875.386452317
30 21 482539445.706931531
13 22 -6007119740.774003983
14 22 13583704264.214311600
15 22 -5927395428.108569145
16 22 -572201982150.731201172
17 22 860271010.717396617
18 22 420083673727.796630859
19 22 6662828138.599832535
20 22 -15560493956.263092041
21 22 7193434411.584472656
22 22 663329455437.343505859
23 22 -25285346382.962165833
24 22 -464757766744.297912598
25 22 -919297918.132993579
26 22 2100153738.706470966
27 22 -1119663088.823290348
28 22 -90930145085.540237427
29 22 21096966168.483737946
30 22 45246436271.806373596
13 23 -1463871158.444143057
14 23 1632034982.592878819
15 23 39690461.795718320
16 23 5055203341.609032631
17 23 -1053802908690.613403320
18 23 163399511878.685760498
19 23 1501671021.123253822
20 23 -1758402839.980005980
21 23 502828787.927079976
22 23 -25285346377.771068573
23 23 1147994262650.592529297
24 23 -170713596248.367095947
25 23 -580452639.327404618
26 23 442533245.760028839
27 23 3650527.956751082
28 23 22950652044.764862061
29 23 -94454732731.656387329
30 23 3452381622.710174084
13 24 4694134008.061874390
14 24 -10155677156.599910736
15 24 4309508604.920999527
16 24 419233333836.777770996
17 24 168740478443.649841309
18 24 -336224639600.276428223
19 24 -5531317982.772100449
20 24 11396210055.882810593
21 24 -4904425298.672624588
22 24 -464757766912.323059082
23 24 -170713596255.447723389
24 24 363157012780.760437012
25 24 1086525373.252815485
26 24 -1585286003.313736439
27 24 443651201.083312869
28 24 44913608373.650634766
29 24 4241764268.039451599
30 24 -26719501022.197566986
19 25 -677233429.081506610
20 25 364246436.744003594
21 25 280312633.422889054
22 25 -919297918.132993579
23 25 -580452639.327404618
24 25 1086525373.252815485
25 25 2194961286.901004314
26 25 -1110206278.316970587
27 25 -1035555113.111807466
28 25 738474783.855793476
29 25 71529615.496068776
30 25 -670731388.956245899
31 25 -864734168.138907313
32 25 634358256.111534238
33 25 386158039.362941384
34 25 151943773.692599893
35 25 420557353.575813472
36 25 -425071793.788989007
19 26 337432060.444980145
20 26 -1508425839.348061800
21 26 213205053.587591499
22 26 2100153738.706470966
23 26 442533245.760028839
24 26 -1585286003.313736439
25 26 -1110206278.314973831
26 26 4527136850.360678673
27 26 -545964632.415739179
28 26 -1429076098.417273045
29 26 -309195954.365276098
30 26 928262637.182722211
31 26 670282019.827751398
32 26 -1974826561.484707117
33 26 232685103.311427474
34 26 -564341608.327703238
35 26 -155476595.359041780
36 26 621490425.248987436
19 27 282978046.692531645
20 27 212658158.639951825
21 27 -375636279.219714046
22 27 -1119663088.823290348
23 27 3650527.956751082
24 27 443651201.083312869
25 27 -1035555113.111978889
26 27 -545964632.415359378
27 27 1212473513.522958517
28 27 908346716.045962214
29 27 303261652.719139874
30 27 -429278830.824706376
31 27 383019754.815295696
32 27 229200757.502246827
33 27 -531314392.394919574
34 27 202549231.952555895
35 27 -245424777.891690999
36 27 -6721389.898881995
19 28 -739944260.066559792
20 28 3051935204.236496925
21 28 -1335777563.478595018
22 28 -90930145085.540237427
23 28 22950652044.764862061
24 28 44913608373.650634766
25 28 738474784.102896690
26 28 -1429076102.132647991
27 28 908346715.996202588
28 28 91406937926.928863525
29 28 -21965591449.309497833
30 28 -45384707824.554397583
31 28 167942285.173787177
32 28 -551574438.758289576
33 28 199877933.103381813
34 28 -307709510.528282762
35 28 -3383275.486869683
36 28 239088387.195060223
19 29 -1372478211.431466818
20 29 309797905.855714500
21 29 424227875.386452317
22 29 21096966168.483737946
23 29 -94454732731.656387329
24 29 4241764268.039451599
25 29 71529615.548635811
26 29 -309195956.321635604
27 29 303261652.746265233
28 29 -21965591572.132129669
29 29 94540022280.423492432
30 29 -4095954697.242904186
31 29 416543885.125021219
32 29 -143770248.617617428
33 29 -243233020.689009398
34 29 5541371.923844533
35 29 -281726454.698072851
36 29 201558141.476255834
19 30 1149753912.207702637
20 30 -2097356930.492979050
21 30 482539445.706931531
22 30 45246436271.806373596
23 30 3452381622.710174084
24 30 -26719501022.197566986
25 30 -670731387.668773055
26 30 928262636.647397757
27 30 -429278830.002819479
28 30 -45384705159.735176086
29 30 -4095954464.903852463
30 30 27219617040.923820496
31 30 -417953827.360708356
32 30 596496889.356387138
33 30 -13981596.956188332
34 30 233031928.604242533
35 30 194913350.376470715
36 30 -350250065.461767852
25 31 -864734168.138907313
26 31 670282019.827751398
27 31 383019754.815295696
28 31 167942285.173787177
29 31 416543885.125021219
30 31 -417953827.360708356
31 31 2474796465.045873165
32 31 -1043834642.354011416
33 31 -1236631595.850603819
34 31 -171398423.236065269
35 31 -733880692.202293038
36 31 522573818.765507996
37 31 -444989162.747776926
38 31 106147423.707095638
39 31 145421276.494986206
40 31 11671349.889987640
41 31 209069561.676825255
42 31 -72503004.856501341
25 32 634358256.111534238
26 32 -1974826561.484707117
27 32 229200757.502246827
28 32 -551574438.758289576
29 32 -143770248.617617428
30 32 596496889.356387138
31 32 -1043834642.353978038
32 32 4904151383.908730507
33 32 -502336944.838669777
34 32 816824961.211321473
35 32 165801281.396588892
36 32 -708382335.547619104
37 32 99995500.868955493
38 32 -705093449.450160384
39 32 73483462.127150878
40 32 -155615850.780939639
41 32 -16790742.368962441
42 32 45627330.561047263
25 33 386158039.362941384
26 33 232685103.311427474
27 33 -531314392.394919574
28 33 199877933.103381813
29 33 -243233020.689009398
30 33 -13981596.956188332
31 33 -1236631595.850606680
32 33 -502336944.838696480
33 33 1271917608.407967806
34 33 -279411247.349756122
35 33 386089226.675982594
36 33 5597141.839521927
37 33 149102510.375386447
38 33 68651809.550062239
39 33 -96569482.315547600
40 33 49387520.837205842
41 33 -86520397.711879700
42 33 7916460.104833591
25 34 151943773.692599893
26 34 -564341608.327703238
27 34 202549231.952555895
28 34 -307709510.528282762
29 34 5541371.923844533
30 34 233031928.604242533
31 34 -171398423.235793650
32 34 816824961.211682677
33 34 -279411247.349705696
34 34 846724870.952159524
35 34 575266120.840076208
36 34 -932202625.497797251
37 34 2660141.266443701
38 34 -137124595.875385165
39 34 59682687.179345496
40 34 -514698120.578278184
41 34 -580342082.175890446
42 34 681574466.184722185
25 35 420557353.575813472
26 35 -155476595.359041780
27 35 -245424777.891690999
28 35 -3383275.486869683
29 35 -281726454.698072851
30 35 194913350.376470715
31 35 -733880692.201824784
32 35 165801281.396534085
33 35 386089226.675859988
34 35 575266120.862788558
35 35 3501519853.534618855
36 35 -1784164363.843955994
37 35 174267729.093574733
38 35 16216447.545392813
39 35 -31293148.564894028
40 35 -600960548.867166281
41 35 -3178303761.913132668
42 35 1591305947.025740147
25 36 -425071793.788989007
26 36 621490425.248987436
27 36 -6721389.898881995
28 36 239088387.195060223
29 36 201558141.476255834
30 36 -350250065.461767852
31 36 522573818.765501320
32 36 -708382335.548035860
33 36 5597141.839437285
34 36 -932202625.490672946
35 36 -1784164363.751111746
36 36 1756758685.405328989
37 36 -52152129.873582907
38 36 15847849.558166489
39 36 -20952557.952781059
40 36 693869109.020924568
41 36 1563303340.658898354
42 36 -1391515565.424192429
31 37 -444989162.747776926
32 37 99995500.868955493
33 37 149102510.375386447
34 37 2660141.266443701
35 37 174267729.093574733
36 37 -52152129.873582907
37 37 2454325080.489123344
38 37 -657898601.950060606
39 37 -1333212268.725032091
40 37 -19304898.218270134
41 37 -1557481.416953794
42 37 -26480417.031336833
43 37 -259085522.963192791
44 37 173235556.874189496
45 37 140431141.284763813
46 37 19164787.743690789
47 37 -211901509.562951565
48 37 78138337.907609209
31 38 106147423.707095638
32 38 -705093449.450160384
33 38 68651809.550062239
34 38 -137124595.875385165
35 38 16216447.545392813
36 38 15847849.558166489
37 38 -657898601.918651223
38 38 4786360998.392726898
39 38 -415009601.086938083
40 38 38044651.554798424
41 38 -1535404.563173277
42 38 158983179.700076491
43 38 178220953.676999271
44 38 -732053106.124278903
45 38 55199685.991750747
46 38 124867893.121221632
47 38 -15817981.379433321
48 38 -118395771.885751233
31 39 145421276.494986206
32 39 73483462.127150878
33 39 -96569482.315547600
34 39 59682687.179345496
35 39 -31293148.564894028
36 39 -20952557.952781059
37 39 -1333212268.729380369
38 39 -415009601.088194251
39 39 1172137161.043467760
40 39 -2160698.395063296
41 39 -120258745.487656906
42 39 20840327.551802874
43 39 138411222.563126475
44 39 55822931.998433538
45 39 -159713548.493111968
46 39 -58531360.074472517
47 39 116935819.844146013
48 39 -1512162.395111893
31 40 11671349.889987640
32 40 -155615850.780939639
33 40 49387520.837205842
34 40 -514698120.578278184
35 40 -600960548.867166281
36 40 693869109.020924568
37 40 -19304900.083551954
38 40 38044679.158490479
39 40 -2160707.274485394
40 40 990712641.800984263
41 40 -348429739.201314509
42 40 -735299597.663193703
43 40 -18989770.312715705
44 40 108540368.578408793
45 40 -43949984.757050231
46 40 -438056299.161253154
47 40 940422468.039578199
48 40 28967714.124344528
31 41 209069561.676825255
32 41 -16790742.368962441
33 41 -86520397.711879700
34 41 -580342082.175890446
35 41 -3178303761.913132668
36 41 1563303340.658898354
37 41 -1557463.115391246
38 41 -1535440.978678463
39 41 -120258745.794630364
40 41 -348411454.512227893
41 41 6272928606.283505440
42 41 -1728658116.341514826
43 41 -94747853.039940104
44 41 17719366.482091617
45 41 74849171.314822435
46 41 957334340.402607441
47 41 -3058424138.781529903
48 41 137651263.596717536
31 42 -72503004.856501341
32 42 45627330.561047263
33 42 7916460.104833591
34 42 681574466.184722185
35 42 1591305947.025740147
36 42 -1391515565.424192429
37 42 -26480412.899282951
38 42 158983147.889357001
39 42 20840340.093573973
40 42 -735308742.815155983
41 42 -1728644330.431711435
42 42 1496643403.250633001
43 42 71463400.220182404
44 42 -115410393.740240276
45 42 94183.076931944
46 42 26900388.429372061
47 42 138273446.725544930
48 42 -83486335.368558079
37 43 -259085522.963192791
38 43 178220953.676999271
39 43 138411222.563126475
40 43 -18989770.312715705
41 43 -94747853.039940104
42 43 71463400.220182404
43 43 4130460257.622205734
44 43 -793523815.830569506
45 43 -1648805626.704041004
46 43 5839336.392296661
47 43 -176749257.252936542
48 43 -20571020.371241763
49 43 -1356444424.803956747
50 43 172610717.072230190
51 43 377579555.605003774
52 43 8493176.103135100
53 43 137043610.237939596
54 43 -30636596.851142421
37 44 173235556.874189496
38 44 -732053106.124278903
39 44 55822931.998433538
40 44 108540368.578408793
41 44 17719366.482091617
42 44 -115410393.740240276
43 44 -793523815.823691726
44 44 6376554668.291774750
45 44 -667333556.708345413
46 44 175712591.190209925
47 44 -5604371.087063857
48 44 34488477.391024090
49 44 173730077.498858154
50 44 -1640638327.640601158
51 44 228018746.226889163
52 44 -145934351.265231848
53 44 -9032617.620320175
54 44 41988231.193943463
37 45 140431141.284763813
38 45 55199685.991750747
39 45 -159713548.493111968
40 45 -43949984.757050231
41 45 74849171.314822435
42 45 94183.076931944
43 45 -1648805626.703718185
44 45 -667333556.712531567
45 45 1123452199.893562794
46 45 -1057287.920786632
47 45 -2153527.139025399
48 45 -234969.638915222
49 45 387154801.184687257
50 45 220234079.660392761
51 45 -181584429.341185361
52 45 25262260.517244030
53 45 -35452147.227054186
54 45 808610.375368729
37 46 19164787.743690789
38 46 124867893.121221632
39 46 -58531360.074472517
40 46 -438056299.161253154
41 46 957334340.402607441
42 46 26900388.429372061
43 46 5839339.167489850
44 46 175712590.414590091
45 46 -1057287.238462049
46 46 480930844.647388577
47 46 -955006722.616038918
48 46 -39573883.334594272
49 46 8745164.145990783
50 46 -146442791.929657757
51 46 26342119.075093690
52 46 -19470618.371596240
53 46 -1258530.784309407
54 46 5573716.461951455
37 47 -211901509.562951565
38 47 -15817981.379433321
39 47 116935819.844146013
40 47 940422468.039578199
41 47 -3058424138.781529903
42 47 138273446.725544930
43 47 -176749257.896037102
44 47 -5604369.993185745
45 47 -2153526.758715400
46 47 -955005912.117226720
47 47 3100992952.032682896
48 47 -153287069.358169347
49 47 139680325.542302549
50 47 -8194891.333249418
51 47 -33708977.932145670
52 47 -1153436.906050166
53 47 -29345951.698959514
54 47 12449768.292899327
37 48 78138337.907609209
38 48 -118395771.885751233
39 48 -1512162.395111893
40 48 28967714.124344528
41 48 137651263.596717536
42 48 -83486335.368558079
43 48 -20571022.844768446
44 48 34488472.813961394
45 48 -234969.315891509
46 48 -39575982.177905828
47 48 -153285733.718215972
48 48 101373825.153995663
49 48 -31299981.101074181
50 48 42938271.744816631
51 48 -818344.576467955
52 48 5820678.794627164
53 48 12318310.319027809
54 48 -9390870.951660492
43 49 -1356444424.803956747
44 49 173730077.498858154
45 49 387154801.184687257
46 49 8745164.145990783
47 49 139680325.542302549
48 49 -31299981.101074181
49 49 7173245462.784071922
50 49 -1095868514.423702955
51 49 -2617495284.782867908
52 49 -390363698.398850083
53 49 -1264791098.193639278
54 49 1016729708.604649782
55 49 -829628657.315219283
56 49 178006787.143521667
57 49 266226928.789474249
58 49 381791888.781504929
59 49 1041520289.050430417
60 49 -966995899.098130703
43 50 172610717.072230190
44 50 -1640638327.640601158
45 50 220234079.660392761
46 50 -146442791.929657757
47 50 -8194891.333249418
48 50 42938271.744816631
49 50 -1095868514.423563957
50 50 9903089549.000703812
51 50 -1181496807.704429626
52 50 817368728.273154736
53 50 478726327.910909414
54 50 -918289439.941927195
55 50 175957396.443913788
56 50 -1248633991.651652813
57 50 147798314.562761664
58 50 -592041540.698226929
59 50 -464406165.557468593
60 50 881254720.029385209
43 51 377579555.605003774
44 51 228018746.226889163
45 51 -181584429.341185361
46 51 26342119.075093690
47 51 -33708977.932145670
48 51 -818344.576467955
49 51 -2617495284.782872200
50 51 -1181496807.704432726
51 51 1679026490.294221878
52 51 -214731194.717873096
53 51 568918721.128094912
54 51 -88362629.517055631
55 51 269816570.218662858
56 51 140686842.905455738
57 51 -189465976.847970873
58 51 166773619.379847705
59 51 -537633337.852728128
60 51 90448356.451577336
43 52 8493176.103135100
44 52 -145934351.265231848
45 52 25262260.517244030
46 52 -19470618.371596240
47 52 -1153436.906050166
48 52 5820678.794627164
49 52 -390363698.403810620
50 52 817368728.274270535
51 52 -214731194.722328484
52 52 113984833936.429504395
53 52 100932876374.464035034
54 52 -188089666310.145477295
55 52 -963629091.103541851
56 52 1871986377.017176867
57 52 665552108.502732515
58 52 -114043383320.372924805
59 52 -100054932544.046936035
60 52 188471256869.839324951
43 53 137043610.237939596
44 53 -9032617.620320175
45 53 -35452147.227054186
46 53 -1258530.784309407
47 53 -29345951.698959514
48 53 12318310.319027809
49 53 -1264791098.201552391
50 53 478726327.900972784
51 53 568918721.125316978
52 53 100932876374.002471924
53 53 172239529031.815063477
54 53 -205923087853.047363281
55 53 -863630777.356209159
56 53 2058376094.322008610
57 53 627232117.201853156
58 53 -101246027248.240829468
59 53 -171278902041.421691895
60 53 206493185539.457244873
43 54 -30636596.851142421
44 54 41988231.193943463
45 54 808610.375368729
46 54 5573716.461951455
47 54 12449768.292899327
48 54 -9390870.951660492
49 54 1016729708.627399325
50 54 -918289439.972057104
51 54 -88362629.503750458
52 54 -188089666307.132751465
53 54 -205923087858.291748047
54 54 329241330795.383728027
55 54 1595448956.109426498
56 54 -3350678638.905572891
57 54 -1076124648.659425259
58 54 188356503654.877258301
59 54 204397694486.695953369
60 54 -329994208208.058471680
49 55 -829628657.315219283
50 55 175957396.443913788
51 55 269816570.218662858
52 55 -963629091.103541851
53 55 -863630777.356209159
54 55 1595448956.109426498
55 55 10964236991.409025192
56 55 -3179621741.855256081
57 55 -4210206634.444300652
58 55 970468096.710906625
59 55 885446422.114861727
60 55 -1608119911.227927923
61 55 -10131946.342455329
62 55 11682472.331998749
63 55 4260764.675326478
64 55 -47498.857849926
65 55 -69970.693666166
66 55 97691.569580101
49 56 178006787.143521667
50 56 -1248633991.651652813
51 56 140686842.905455738
52 56 1871986377.017176867
53 56 2058376094.322008610
54 56 -3350678638.905572891
55 56 -3179621741.855406761
56 56 17291960355.121662140
57 56 -2045944444.478762865
58 56 -1920880268.193259239
59 56 -2048636020.437582254
60 56 3401908976.989403725
61 56 11736318.714503037
62 56 -43950568.016740195
63 56 1350718.755169726
64 56 201794.765126399
65 56 34814.812744254
66 56 -280081.038031442
49 57 266226928.789474249
50 57 147798314.562761664
51 57 -189465976.847970873
52 57 665552108.502732515
53 57 627232117.201853156
54 57 -1076124648.659425259
55 57 -4210206634.444407940
56 57 -2045944444.478639364
57 57 3346504127.758755207
58 57 -663989611.912116051
59 57 -644392747.767525911
60 57 1078167923.145749092
61 57 4269804.001224138
62 57 1365056.746045225
63 57 -4839924.174923674
64 57 -6464.488792873
65 57 18514.087342880
66 57 12343.161898963
49 58 381791888.781504929
50 58 -592041540.698226929
51 58 166773619.379847705
52 58 -114043383320.372924805
53 58 -101246027248.240829468
54 58 188356503654.877258301
55 58 970468097.611886978
56 58 -1920880268.261888266
57 58 -663989611.949321628
58 58 114167620538.290985107
59 58 100364587851.306320190
60 58 -188762775821.930541992
61 58 -52972.838112729
62 58 132451.475832216
63 58 19955.680043082
64 58 -178780.443672035
65 58 17320.191120060
66 58 57160.447665918
49 59 1041520289.050430417
50 59 -464406165.557468593
51 59 -537633337.852728128
52 59 -100054932544.046936035
53 59 -171278902041.421691895
54 59 204397694486.695953369
55 59 885446422.731722474
56 59 -2048636020.341134787
57 59 -644392747.721608400
58 59 100364586413.759414673
59 59 170406117501.519012451
60 59 -204986927211.216613770
61 59 96039.237885397
62 59 65554.826743508
63 59 9323.130048183
64 59 35234.517418802
65 59 -311836.186036511
66 59 122745.932013721
49 60 -966995899.098130703
50 60 881254720.029385209
51 60 90448356.451577336
52 60 188471256869.839324951
53 60 206493185539.457244873
54 60 -329994208208.058471680
55 60 -1608119911.898214340
56 60 3401908976.946640491
57 60 1078167922.821944237
58 60 -188762774981.530151367
59 60 -204986927083.573150635
60 60 330775521055.887084961
61 60 4463.919712614
62 60 -194778.606744905
63 60 -13966.555857830
64 60 118029.460589797
65 60 134818.063464994
66 60 -100180.251302183
55 61 -10131946.342455329
56 61 11736318.714503037
57 61 4269804.001224138
58 61 -52972.838112729
59 61 96039.237885397
60 61 4463.919712614
61 61 30932904770.459911346
62 61 -16384296775.765243530
63 61 -12013026599.633571625
64 61 23427913.988534581
65 61 84871931.254340917
66 61 -60342711.960594714
67 61 -118354756.562265098
68 61 147338203.558951169
69 61 27302971.524789698
70 61 -253331.562782196
71 61 -285538.898229724
72 61 451981.551123913
55 62 11682472.331998749
56 62 -43950568.016740195
57 62 1365056.746045225
58 62 132451.475832216
59 62 65554.826743508
60 62 -194778.606744905
61 62 -16384296775.765230179
62 62 54596719304.556129456
63 62 -6737014725.497162819
64 62 -119875945.731829509
65 62 -23426521.576879364
66 62 118214190.830309302
67 62 147830671.161331415
68 62 -319412157.089568019
69 62 15273464.264300447
70 62 623247.285600304
71 62 254545.577314810
72 62 -842032.042291861
55 63 4260764.675326478
56 63 1350718.755169726
57 63 -4839924.174923674
58 63 19955.680043082
59 63 9323.130048183
60 63 -13966.555857830
61 63 -12013026599.633581161
62 63 -6737014725.497174263
63 63 13262073878.815347672
64 63 27349826.196398072
65 63 -52035665.845668532
66 63 -1392.411781171
67 63 27525755.201051570
68 63 14934756.262993924
69 63 -36322244.050486676
70 63 -70056.927877382
71 63 127830.515398177
72 63 -838.327945041
55 64 -47498.857849926
56 64 201794.765126399
57 64 -6464.488792873
58 64 -178780.443672035
59 64 35234.517418802
60 64 118029.460589797
61 64 23427913.988339540
62 64 -119875945.732100770
63 64 27349826.196479812
64 64 676924.418003893
65 64 -27977.354225581
66 64 -404105.705164673
67 64 -254123.629335076
68 64 620838.133235674
69 64 -70625.739726435
70 64 -1818.504105273
71 64 -490.924012934
72 64 2211.859364124
55 65 -69970.693666166
56 65 34814.812744254
57 65 18514.087342880
58 65 17320.191120060
59 65 -311836.186036511
60 65 134818.063464994
61 65 84871931.254243314
62 65 -23426521.576524306
63 65 -52035665.845646702
64 65 -27977.355268126
65 65 787342.692923650
66 65 -301769.496753853
67 65 -285746.670010749
68 65 252966.545558555
69 65 127069.681990664
70 65 -465.078800510
71 65 -1188.542400564
72 65 1192.251713040
55 66 97691.569580101
56 66 -280081.038031442
57 66 12343.161898963
58 66 57160.447665918
59 66 122745.932013721
60 66 -100180.251302183
61 66 -60342711.960825801
62 66 118214190.831293672
63 66 -1392.411882192
64 66 -404105.711579563
65 66 -301769.501295727
66 66 594051.800109376
67 66 453326.469237114
68 66 -840368.183868136
69 66 820.412085518
70 66 2252.244061047
71 66 1213.671553958
72 66 -3245.738593804
61 67 -118354756.562265098
62 67 147830671.161331415
63 67 27525755.201051570
64 67 -254123.629335076
65 67 -285746.670010749
66 67 453326.469237114
67 67 27575036040.829010010
68 67 -15082323942.386957169
69 67 -11287533415.030017853
70 67 10968930.252319353
71 67 6337831.741333785
72 67 -7774489.698490153
73 67 -89509985.816510916
74 67 99658611.818386182
75 67 32759116.133260753
76 67 5832162.038981377
77 67 9094038.619880194
78 67 -11898912.681656595
61 68 147338203.558951169
62 68 -319412157.089568019
63 68 14934756.262993924
64 68 620838.133235674
65 68 252966.545558555
66 68 -840368.183868136
67 68 -15082323942.386953354
68 68 50334067996.411437988
69 68 -6056992302.569140434
70 68 -19791209.355877388
71 68 -10078988.193089666
72 68 -1925902.480333224
73 68 87324013.809921175
74 68 -219737687.522739351
75 68 26097925.845296875
76 68 -17652982.865114402
77 68 -4212239.724895810
78 68 22615334.658471186
61 69 27302971.524789698
62 69 15273464.264300447
63 69 -36322244.050486676
64 69 -70625.739726435
65 69 127069.681990664
66 69 820.412085518
67 69 -11287533415.030017853
68 69 -6056992302.569140434
69 69 12439051024.208820343
70 69 -5859011.953345890
71 69 27087582.612329386
72 69 -889942.059229407
73 69 46503484.945402257
74 69 4954962.662206088
75 69 -55367554.130822159
76 69 2616160.711394839
77 69 -8085065.496368442
78 69 1637899.295780558
61 70 -253331.562782196
62 70 623247.285600304
63 70 -70056.927877382
64 70 -1818.504105273
65 70 -465.078800510
66 70 2252.244061047
67 70 10968930.252319200
68 70 -19791209.355877299
69 70 -5859011.953345895
70 70 7335147.070107389
71 70 -1820420.175741135
72 70 -7436053.551953545
73 70 4262319.107586803
74 70 -16252510.232373504
75 70 4064493.912158491
76 70 -1454822.687668766
77 70 34409.434038688
78 70 1632980.477038072
61 71 -285538.898229724
62 71 254545.577314810
63 71 127830.515398177
64 71 -490.924012934
65 71 -1188.542400564
66 71 1213.671553958
67 71 6337831.741333717
68 71 -10078988.193089709
69 71 27087582.612329375
70 71 -1820420.175741139
71 71 11164797.746831883
72 71 -3215875.059698488
73 71 10116538.177674513
74 71 -6682107.836837719
75 71 -7197926.768845890
76 71 -187643.768836167
77 71 -1414148.148480156
78 71 1007626.198026460
61 72 451981.551123913
62 72 -842032.042291861
63 72 -838.327945041
64 72 2211.859364124
65 72 1192.251713040
66 72 -3245.738593804
67 72 -7774489.698490187
68 72 -1925902.480333219
69 72 -889942.059229417
70 72 -7436053.551953552
71 72 -3215875.059698487
72 72 10683332.439984996
73 72 -11025340.501226129
74 72 23596013.563473176
75 72 -852235.419624820
76 72 1847854.081657779
77 72 728717.801601354
78 72 -2581551.516271539
67 73 -89509985.816510916
68 73 87324013.809921175
69 73 46503484.945402257
70 73 4262319.107586803
71 73 10116538.177674513
72 73 -11025340.501226129
73 73 976090710.421873212
74 73 -277863914.054567635
75 73 -308019904.543541431
76 73 -9252074.045310734
77 73 -35738060.737086818
78 73 27217183.304038152
79 73 -28044533.038388513
80 73 9755192.461197212
81 73 7169517.859376119
82 73 1044245.473381928
83 73 5383127.129633658
84 73 -1636121.788250303
67 74 99658611.818386182
68 74 -219737687.522739351
69 74 4954962.662206088
70 74 -16252510.232373504
71 74 -6682107.836837719
72 74 23596013.563473176
73 74 -277863914.054567635
74 74 1250580360.143290758
75 74 -208924118.606559485
76 74 48778816.432971820
77 74 9185920.684205569
78 74 -49063519.085674316
79 74 9862036.959989298
80 74 -59843332.590055294
81 74 7449646.072322685
82 74 -8967437.067242235
83 74 -857196.006413504
84 74 3933890.787754687
67 75 32759116.133260753
68 75 26097925.845296875
69 75 -55367554.130822159
70 75 4064493.912158491
71 75 -7197926.768845890
72 75 -852235.419624820
73 75 -308019904.543541253
74 75 -208924118.606559783
75 75 270542862.340189576
76 75 -14251053.551777706
77 75 23954009.800129667
78 75 66153.361103317
79 75 17582122.372448146
80 75 3034876.347992005
81 75 -8462428.232272021
82 75 787879.223940223
83 75 -3454073.351347413
84 75 455674.505427169
67 76 5832162.038981377
68 76 -17652982.865114402
69 76 2616160.711394839
70 76 -1454822.687668766
71 76 -187643.768836167
72 76 1847854.081657779
73 76 -9252074.045311209
74 76 48778816.432973243
75 76 -14251053.551777521
76 76 4739773.463499812
77 76 -191905.700836302
78 76 -3954309.853952735
79 76 600742.335207385
80 76 -7273790.525228147
81 76 1202260.980118618
82 76 -1315827.182303648
83 76 -28080.060919521
84 76 391856.176668711
67 77 9094038.619880194
68 77 -4212239.724895810
69 77 -8085065.496368442
70 77 34409.434038688
71 77 -1414148.148480156
72 77 728717.801601354
73 77 -35738060.737087034
74 77 9185920.684207056
75 77 23954009.800129477
76 77 -191905.700834788
77 77 4846822.185175672
78 77 -1916261.046657803
79 77 5858770.358939527
80 77 -721424.735182311
81 77 -1534022.856680427
82 77 -60707.352980351
83 77 -1220561.374598213
84 77 269456.910947962
67 78 -11898912.681656595
68 78 22615334.658471186
69 78 1637899.295780558
70 78 1632980.477038072
71 78 1007626.198026460
72 78 -2581551.516271539
73 78 27217183.304039333
74 78 -49063519.085679121
75 78 66153.361103723
76 78 -3954309.853956542
77 78 -1916261.046656135
78 78 5054394.773403848
79 78 -1606007.032001949
80 78 5818109.442402517
81 78 -565456.055174869
82 78 893538.956710853
83 78 226364.201020366
84 78 -410108.380763495
73 79 -28044533.038388513
74 79 9862036.959989298
75 79 17582122.372448146
76 79 600742.335207385
77 79 5858770.358939527
78 79 -1606007.032001949
79 79 807718708.057023764
80 79 -328380206.067568958
81 79 -541052457.360356569
82 79 -8708482.341138570
83 79 -83832739.467843041
84 79 32737954.538021021
85 79 -49021171.531444237
86 79 46211177.371029295
87 79 23861318.819764100
88 79 1822459.885437547
89 79 3594256.849365260
90 79 -3690201.909489816
73 80 9755192.461197212
74 80 -59843332.590055294
75 80 3034876.347992005
76 80 -7273790.525228147
77 80 -721424.735182311
78 80 5818109.442402517
79 80 -328380206.067569196
80 80 1749601116.412001133
81 80 -178661051.728598684
82 80 104053328.847288564
83 80 8600966.733902577
84 80 -86787757.874613747
85 80 55991845.134945214
86 80 -138783850.853602856
87 80 7191955.288444662
88 80 -6838427.394923900
89 80 -2444923.468707967
90 80 8300334.677980599
73 81 7169517.859376119
74 81 7449646.072322685
75 81 -8462428.232272021
76 81 1202260.980118618
77 81 -1534022.856680427
78 81 -565456.055174869
79 81 -541052457.360356331
80 81 -178661051.728598922
81 81 576041095.894407034
82 81 -22357854.207638942
83 81 58384084.045894891
84 81 107515.607235950
85 81 23856444.288713593
86 81 13053209.944746047
87 81 -29417611.892291158
88 81 1348219.943646468
89 81 -2595690.909308226
90 81 -119886.666279534
73 82 1044245.473381928
74 82 -8967437.067242235
75 82 787879.223940223
76 82 -1315827.182303648
77 82 -60707.352980351
78 82 893538.956710853
79 82 -8708482.341138572
80 82 104053328.847288653
81 82 -22357854.207638949
82 82 10904179.904904976
83 82 -654374.838888043
84 82 -5893371.627604554
85 82 2320866.117565903
86 82 -7147247.999455093
87 82 1102263.119438541
88 82 -415626.157875906
89 82 -62814.531403789
90 82 468953.546018871
73 83 5383127.129633658
74 83 -857196.006413504
75 83 -3454073.351347413
76 83 -28080.060919521
77 83 -1220561.374598213
78 83 226364.201020366
79 83 -83832739.467843071
80 83 8600966.733902572
81 83 58384084.045894876
82 83 -654374.838888042
83 83 12641032.240508435
84 83 -2732236.025204336
85 83 3733271.455360296
86 83 -1723201.654584337
87 83 -2853826.819683881
88 83 -19128.150699605
89 83 -384135.652282490
90 83 204718.928411820
73 84 -1636121.788250303
74 84 3933890.787754687
75 84 455674.505427169
76 84 391856.176668711
77 84 269456.910947962
78 84 -410108.380763495
79 84 32737954.538021028
80 84 -86787757.874613747
81 84 107515.607235951
82 84 -5893371.627604557
83 84 -2732236.025204335
84 84 6097673.895816829
85 84 -4494510.986923093
86 84 8911769.827041417
87 84 182800.557702878
88 84 462564.626203477
89 84 257887.879737468
90 84 -629585.784817884
79 85 -49021171.531444237
80 85 55991845.134945214
81 85 23856444.288713593
82 85 2320866.117565903
83 85 3733271.455360296
84 85 -4494510.986923093
85 85 2466015238.536429405
86 85 -1033449072.947251797
87 85 -1765781283.142871141
88 85 -2180403823.639117241
89 85 -27546127413.643085480
90 85 11007205686.268270493
91 85 -1865196127.483625174
92 85 683241452.664207935
93 85 1239214161.772405624
94 85 2470457979.754811764
95 85 27421119655.847221375
96 85 -11130527471.368679047
79 86 46211177.371029295
80 86 -138783850.853602856
81 86 13053209.944746047
82 86 -7147247.999455093
83 86 -1723201.654584337
84 86 8911769.827041417
85 86 -1033449072.947251797
86 86 1280277409.327961922
87 86 380360000.893288970
88 86 956623590.360273480
89 86 10106481668.224073410
90 86 -4699264580.200103760
91 86 715971748.661904454
92 86 -295750807.766899943
93 86 -474078101.070044160
94 86 -989249548.083410144
95 86 -10072199627.286642075
96 86 4693131638.526271820
79 87 23861318.819764100
80 87 7191955.288444662
81 87 -29417611.892291158
82 87 1102263.119438541
83 87 -2853826.819683881
84 87 182800.557702878
85 87 -1765781283.142874479
86 87 380360000.893291295
87 87 1548400004.921252012
88 87 1673117998.293884993
89 87 21601328488.445602417
90 87 -7926077844.584943771
91 87 1393010733.718146801
92 87 -507649058.071455121
93 87 -1006572375.061399341
94 87 -1964752008.932113171
95 87 -21496503665.112712860
96 87 8052234170.355861664
79 88 1822459.885437547
80 88 -6838427.394923900
81 88 1348219.943646468
82 88 -415626.157875906
83 88 -19128.150699605
84 88 462564.626203477
85 88 -2180403823.639079571
86 88 956623590.360216141
87 88 1673117998.293871880
88 88 4389590037.946743965
89 88 33606070387.007396698
90 88 -11992628666.715187073
91 88 2103462092.597919464
92 88 -851445260.632150769
93 88 -1428560857.508648396
94 88 -4974473201.492469788
95 88 -33507739508.929801941
96 88 12118285499.364059448
79 89 3594256.849365260
80 89 -2444923.468707967
81 89 -2595690.909308226
82 89 -62814.531403789
83 89 -384135.652282490
84 89 257887.879737468
85 89 -27546127413.643173218
86 89 10106481668.224071503
87 89 21601328488.445625305
88 89 33606070387.007530212
89 89 413171305964.006713867
90 89 -148102581708.447418213
91 89 26631896607.116672516
92 89 -9398560571.750967026
93 89 -18422471151.638057709
94 89 -39169174225.759963989
95 89 -411783678823.303649902
96 89 150524293908.761840820
79 90 -3690201.909489816
80 90 8300334.677980599
81 90 -119886.666279534
82 90 468953.546018871
83 90 204718.928411820
84 90 -629585.784817884
85 90 11007205686.268272400
86 90 -4699264580.200169563
87 90 -7926077844.584940910
88 90 -11992628666.714912415
89 90 -148102581708.447326660
90 90 69455260726.567565918
91 90 -10640228992.215751648
92 90 4243931733.854157925
93 90 6875333598.598050117
94 90 12992835087.961366653
95 90 147695829700.657897949
96 90 -70124207087.778884888
85 91 -1865196127.483625174
86 91 715971748.661904454
87 91 1393010733.718146801
88 91 2103462092.597919464
89 91 26631896607.116672516
90 91 -10640228992.215751648
91 91 2453582978.880016804
92 91 -1093166660.561306477
93 91 -1538355567.387414694
94 91 -2420622637.071612358
95 91 -26844825572.895030975
96 91 10893768348.358440399
97 91 -411079560.482050955
98 91 263446693.561355621
99 91 211728606.096378446
100 91 24869870.939263854
101 91 259699659.203114063
102 91 -83944464.615886986
85 92 683241452.664207935
86 92 -295750807.766899943
87 92 -507649058.071455121
88 92 -851445260.632150769
89 92 -9398560571.750967026
90 92 4243931733.854157925
91 92 -1093166660.561286211
92 92 1476814626.766873360
93 92 259854918.125371188
94 92 1358152185.574641943
95 92 9395081806.397893906
96 92 -4705285570.165171623
97 92 303766572.861983180
98 92 -867934885.573866963
99 92 92724066.579638705
100 92 -402823621.643881559
101 92 -37550502.708722360
102 92 364128021.028774858
85 93 1239214161.772405624
86 93 -474078101.070044160
87 93 -1006572375.061399341
88 93 -1428560857.508648396
89 93 -18422471151.638057709
90 93 6875333598.598050117
91 93 -1538355567.387413263
92 93 259854918.125364840
93 93 1299871186.369830132
94 93 1576231235.094584942
95 93 18626680283.034183502
96 93 -6974459169.326088905
97 93 228388161.352682292
98 93 103327937.680040047
99 93 -254831267.987782329
100 93 68376523.040590063
101 93 -229569717.773683250
102 93 -8584684.135581337
85 94 2470457979.754811764
86 94 -989249548.083410144
87 94 -1964752008.932113171
88 94 -4974473201.492469788
89 94 -39169174225.759963989
90 94 12992835087.961366653
91 94 -2420622637.071466446
92 94 1358152185.574591398
93 94 1576231235.094630480
94 94 6104602200.115139961
95 94 39004241555.186653137
96 94 -13494849493.634780884
97 94 38186405.359352022
98 94 -403813926.888596117
99 94 58753116.720844708
100 94 -364087263.447009802
101 94 17283221.781094287
102 94 286781105.148166180
85 95 27421119655.847221375
86 95 -10072199627.286642075
87 95 -21496503665.112712860
88 95 -33507739508.929801941
89 95 -411783678823.303649902
90 95 147695829700.657897949
91 95 -26844825572.894008636
92 95 9395081806.398012161
93 95 18626680283.034076691
94 95 39004241555.186805725
95 95 410896087113.560119629
96 95 -150170275972.333984375
97 95 282294888.833375454
98 95 -9652763.705688095
99 95 -228708782.822198600
100 95 41773671.375752740
101 95 -423985938.266988218
102 95 41278406.578572258
85 96 -11130527471.368679047
86 96 4693131638.526271820
87 96 8052234170.355861664
88 96 12118285499.364059448
89 96 150524293908.761840820
90 96 -70124207087.778884888
91 96 10893768348.356966019
92 96 -4705285570.165364265
93 96 -6974459169.326183319
94 96 -13494849493.628690720
95 96 -150170275972.319030762
96 96 71146231474.261978149
97 96 -102877144.584197834
98 96 396505429.443559587
99 96 -6371565.691788180
100 96 317994372.340527117
101 96 59707501.454691872
102 96 -279068327.320608318
91 97 -411079560.482050955
92 97 303766572.861983180
93 97 228388161.352682292
94 97 38186405.359352022
95 97 282294888.833375454
96 97 -102877144.584197834
97 97 1856283803.313447952
98 97 -1074266699.973457336
99 97 -946468424.364142656
100 97 -923576871.963444471
101 97 -3892721940.134377003
102 97 1671653005.860159636
103 97 -859587321.597439408
104 97 413639618.974454343
105 97 408613718.058815122
106 97 937512426.330204487
107 97 3586653342.998887539
108 97 -1523494893.398854971
91 98 263446693.561355621
92 98 -867934885.573866963
93 98 103327937.680040047
94 98 -403813926.888596117
95 98 -9652763.705688095
96 98 396505429.443559587
97 98 -1074266699.973465681
98 98 1890386770.271175623
99 98 -44836558.080221839
100 98 1399243635.119637728
101 98 1719899082.258059740
102 98 -1623327355.571300030
103 98 446355908.365623116
104 98 -400036542.664215386
105 98 -156050169.850684047
106 98 -994319653.676374078
107 98 -1704145135.761404991
108 98 1172849142.352499723
91 99 211728606.096378446
92 99 92724066.579638705
93 99 -254831267.987782329
94 99 58753116.720844708
95 99 -228708782.822198600
96 99 -6371565.691788180
97 99 -946468424.364146590
98 99 -44836558.080227025
99 99 929908277.943633437
100 99 295585563.512984514
101 99 2519297518.322252274
102 99 -796322210.294821739
103 99 495245754.957648039
104 99 -181083275.597970665
105 99 -305934797.043866932
106 99 -400660332.547324717
107 99 -2264452617.344529152
108 99 786965538.821732759
91 100 24869870.939263854
92 100 -402823621.643881559
93 100 68376523.040590063
94 100 -364087263.447009802
95 100 41773671.375752740
96 100 317994372.340527117
97 100 -923576871.963393688
98 100 1399243635.119589090
99 100 295585563.512957573
100 100 2606294899.189644337
101 100 3219995499.352516174
102 100 -2809574744.275982380
103 100 825763992.170899868
104 100 -830053815.015814424
105 100 -259251724.402409673
106 100 -2303947935.328341961
107 100 -3279166145.924387932
108 100 2370235129.671089172
91 101 259699659.203114063
92 101 -37550502.708722360
93 101 -229569717.773683250
94 101 17283221.781094287
95 101 -423985938.266988218
96 101 59707501.454691872
97 101 -3892721940.134356022
98 101 1719899082.258121967
99 101 2519297518.322247982
100 101 3219995499.350401402
101 101 15181946166.426572800
102 101 -5814668256.080852509
103 101 3311925790.311413765
104 101 -1449017864.367337465
105 101 -1724398287.077650309
106 101 -3455445332.780469894
107 101 -14725602601.560678482
108 101 5604078636.431419373
91 102 -83944464.615886986
92 102 364128021.028774858
93 102 -8584684.135581337
94 102 286781105.148166180
95 102 41278406.578572258
96 102 -279068327.320608318
97 102 1671653005.860159874
98 102 -1623327355.571223497
99 102 -796322210.294885635
100 102 -2809574744.275135994
101 102 -5814668256.081752777
102 102 3910335305.527887344
103 102 -1451735791.383956432
104 102 1053213951.360707045
105 102 600183081.302432418
106 102 2606970532.804178238
107 102 5773941503.945565224
108 102 -3508757123.428317070
97 103 -859587321.597439408
98 103 446355908.365623116
99 103 495245754.957648039
100 103 825763992.170899868
101 103 3311925790.311413765
102 103 -1451735791.383956432
103 103 1369632748.508081913
104 103 -767590730.650484562
105 103 -566227989.935639739
106 103 -5616670833.217814445
107 103 -15250296451.937740326
108 103 11915051564.101018906
109 103 -527645261.824979424
110 103 363702209.432749271
111 103 118971786.328835681
112 103 5642192900.750376701
113 103 11356118982.002401352
114 103 -10679191664.584964752
97 104 413639618.974454343
98 104 -400036542.664215386
99 104 -181083275.597970665
100 104 -830053815.015814424
101 104 -1449017864.367337465
102 104 1053213951.360707045
103 104 -767590730.650611520
104 104 963882268.054352045
105 104 133233581.905562982
106 104 6492679576.389903069
107 104 8203448726.682731628
108 104 -9787380486.894121170
109 104 340223462.802077711
110 104 -579247122.423390865
111 104 50237257.634769879
112 104 -6286536843.283364296
113 104 -6242314735.475702286
114 104 8681291941.922807693
97 105 408613718.058815122
98 105 -156050169.850684047
99 105 -305934797.043866932
100 105 -259251724.402409673
101 105 -1724398287.077650309
102 105 600183081.302432418
103 105 -566227989.935549736
104 105 133233581.905406833
105 105 392239883.254153013
106 105 515178846.815707445
107 105 5365969907.542007446
108 105 -2586777893.463717937
109 105 184345352.475532621
110 105 -8465465.555632364
111 105 -127008174.921892464
112 105 -443974301.725684822
113 105 -3536341440.179328442
114 105 2133094265.746219158
97 106 937512426.330204487
98 106 -994319653.676374078
99 106 -400660332.547324717
100 106 -2303947935.328341961
101 106 -3455445332.780469894
102 106 2606970532.804178238
103 106 -5616670833.220068932
104 106 6492679576.389225960
105 106 515178846.816102087
106 106 97912110815.336395264
107 106 108247924574.029708862
108 106 -145189470596.949890137
109 106 4218021630.176226139
110 106 -5162136968.472856522
111 106 359951014.379216194
112 106 -106288757366.480377197
113 106 -96555499978.007888794
114 106 140793363396.583465576
97 107 3586653342.998887539
98 107 -1704145135.761404991
99 107 -2264452617.344529152
100 107 -3279166145.924387932
101 107 -14725602601.560678482
102 107 5773941503.945565224
103 107 -15250296451.937463760
104 107 8203448726.680070877
105 107 5365969907.542222977
106 107 108247924574.022171021
107 107 389429083198.420959473
108 107 -296224064108.259094238
109 107 10736721046.954179764
110 107 -6189165659.538840294
111 107 -2006607541.737959146
112 107 -130657834713.516799927
113 107 -359411037801.062561035
114 107 299201509215.434020996
97 108 -1523494893.398854971
98 108 1172849142.352499723
99 108 786965538.821732759
100 108 2370235129.671089172
101 108 5604078636.431419373
102 108 -3508757123.428317070
103 108 11915051564.103622437
104 108 -9787380486.893720627
105 108 -2586777893.464046001
106 108 -145189470596.961517334
107 108 -296224064108.315734863
108 108 287591422343.746826172
109 108 -9380690532.436918259
110 108 8049354121.293669701
111 108 600426994.593014717
112 108 166174779127.222961426
113 108 274990042584.136230469
114 108 -286901328022.709167480
103 109 -527645261.824979424
104 109 340223462.802077711
105 109 184345352.475532621
106 109 4218021630.176226139
107 109 10736721046.954179764
108 109 -9380690532.436918259
109 109 2857180559.498983383
110 109 -1015015633.638223767
111 109 -1249795130.456131220
112 109 -5393460633.534402847
113 109 -26752099947.470256805
114 109 17202115019.752788544
115 109 -2253641356.052689552
116 109 696204891.960807085
117 109 821323249.320018053
118 109 1163113271.973714352
119 109 16178200091.065120697
120 109 -8282719378.064954758
103 110 363702209.432749271
104 110 -579247122.423390865
105 110 -8465465.555632364
106 110 -5162136968.472856522
107 110 -6189165659.538840294
108 110 8049354121.293669701
109 110 -1015015633.638025522
110 110 1226820300.808108330
111 110 137558154.646572262
112 110 7782462485.182983398
113 110 9276348520.767410278
114 110 -12045048274.524978638
115 110 640077462.190177202
116 110 -626610864.852209687
117 110 -96964396.268561974
118 110 -2283991938.038666725
119 110 -3335260497.209039688
120 110 4089492666.081984043
103 111 118971786.328835681
104 111 50237257.634769879
105 111 -127008174.921892464
106 111 359951014.379216194
107 111 -2006607541.737959146
108 111 600426994.593014717
109 111 -1249795130.456105947
110 111 137558154.646517336
111 111 763073958.577859402
112 111 -719911028.432793260
113 111 10487569189.063259125
114 111 -3882887887.234207153
115 111 1080687559.536818981
116 111 -200407410.855207056
117 111 -493096524.069192469
118 111 71806785.394026369
119 111 -8367882062.782773972
120 111 3540709821.588808060
103 112 5642192900.750376701
104 112 -6286536843.283364296
105 112 -443974301.725684822
106 112 -106288757366.480377197
107 112 -130657834713.516799927
108 112 166174779127.222961426
109 112 -5393460633.533741951
110 112 7782462485.180204391
111 112 -719911028.431368828
112 112 130884177911.551116943
113 112 130875052587.840789795
114 112 -184774382171.361877441
115 112 197842543.454360902
116 112 -1667564172.170171499
117 112 613390009.864072084
118 112 -12875509125.037834167
119 112 -8623386696.338363647
120 112 19785311351.047878265
103 113 11356118982.002401352
104 113 -6242314735.475702286
105 113 -3536341440.179328442
106 113 -96555499978.007888794
107 113 -359411037801.062561035
108 113 274990042584.136230469
109 113 -26752099947.469638824
110 113 9276348520.768037796
111 113 10487569189.063632965
112 113 130875052590.494659424
113 113 533591008035.295288086
114 113 -387656323957.134826660
115 113 15315587463.710170746
116 113 -2908687650.364627361
117 113 -5557159254.852499008
118 113 -19134955398.170913696
119 113 -183664297884.583923340
120 113 111265826825.734359741
103 114 -10679191664.584964752
104 114 8681291941.922807693
105 114 2133094265.746219158
106 114 140793363396.583465576
107 114 299201509215.434020996
108 114 -286901328022.709167480
109 114 17202115019.752914429
110 114 -12045048274.524375916
111 114 -3882887887.236491680
112 114 -184774382172.877105713
113 114 -387656323957.423522949
114 114 373326803057.208068848
115 114 -6822073542.884595871
116 114 3199163546.719681263
117 114 1564165350.121820927
118 114 26233252323.844039917
119 114 100010276294.744003296
120 114 -86415452870.837478638
109 115 -2253641356.052689552
110 115 640077462.190177202
111 115 1080687559.536818981
112 115 197842543.454360902
113 115 15315587463.710170746
114 115 -6822073542.884595871
115 115 2792434411.666560650
116 115 -991397553.876736283
117 115 -1009408056.224988461
118 115 -1049708939.261948466
119 115 -15574418742.921092987
120 115 7840089747.809345245
121 115 -576408367.305159807
122 115 316346257.435851157
123 115 100199448.833657414
124 115 178126511.385579556
125 115 519328308.783817053
126 115 -433925368.576146960
109 116 696204891.960807085
110 116 -626610864.852209687
111 116 -200407410.855207056
112 116 -1667564172.170171499
113 116 -2908687650.364627361
114 116 3199163546.719681263
115 116 -991397553.876712799
116 116 1304416492.775711060
117 116 -25541698.055752531
118 116 2422116003.599680424
119 116 2881147688.487901211
120 116 -3657110701.377058983
121 116 278566690.889866412
122 116 -603112711.131575346
123 116 194388761.221272141
124 116 -550642603.244658947
125 116 -109478124.865925580
126 116 384199212.219809711
109 117 821323249.320018053
110 117 -96964396.268561974
111 117 -493096524.069192469
112 117 613390009.864072084
113 117 -5557159254.852499008
114 117 1564165350.121820927
115 117 -1009408056.225018740
116 117 -25541698.055576142
117 117 654874715.815063834
118 117 -598009413.558437347
119 117 5757033566.020047188
120 117 -1831438749.237505674
121 117 202496799.121780276
122 117 114287089.652402714
123 117 -208343527.552738398
124 117 193955430.152193904
125 117 -245442708.357168883
126 117 46628557.739491418
109 118 1163113271.973714352
110 118 -2283991938.038666725
111 118 71806785.394026369
112 118 -12875509125.037834167
113 118 -19134955398.170913696
114 118 26233252323.844039917
115 118 -1049708939.252533436
116 118 2422116003.595613480
117 118 -598009413.557973385
118 118 15101782306.215251923
119 118 17719706097.307926178
120 118 -26572505933.316005707
121 118 93241635.520115122
122 118 -448974167.313097358
123 118 218238948.272707015
124 118 -598653493.986085057
125 118 49550261.186260872
126 118 269171321.079134285
109 119 16178200091.065120697
110 119 -3335260497.209039688
111 119 -8367882062.782773972
112 119 -8623386696.338363647
113 119 -183664297884.583923340
114 119 100010276294.744003296
115 119 -15574418742.926124573
116 119 2881147688.482340336
117 119 5757033566.021598816
118 119 17719706096.402969360
119 119 179781534345.503784180
120 119 -107351415515.151077271
121 119 511609956.960705459
122 119 -142680019.893537700
123 119 -150296603.602447301
124 119 -23735190.794383820
125 119 -715447402.318787694
126 119 388523097.923512816
109 120 -8282719378.064954758
110 120 4089492666.081984043
111 120 3540709821.588808060
112 120 19785311351.047878265
113 120 111265826825.734359741
114 120 -86415452870.837478638
115 120 7840089747.823191643
116 120 -3657110701.382478714
117 120 -1831438749.235865831
118 120 -26572505932.711830139
119 120 -107351415514.939834595
120 120 90439179270.057876587
121 120 -376167542.023409247
122 120 397838958.228505790
123 120 -55447817.379890844
124 120 390963640.162731707
125 120 317546615.973829150
126 120 -442927981.201909184
115 121 -576408367.305159807
116 121 278566690.889866412
117 121 202496799.121780276
118 121 93241635.520115122
119 121 511609956.960705459
120 121 -376167542.023409247
121 121 1472451213.776304007
122 121 -937167916.096901536
123 121 -204565622.711367965
124 121 7902916117.910161972
125 121 13646238505.410524368
126 121 -10265714087.197181702
127 121 -769976396.238174319
128 121 525755049.883919358
129 121 -47150607.113108665
130 121 -8427593731.135854721
131 121 -14150671297.943162918
132 121 10384743881.088495255
115 122 316346257.435851157
116 122 -603112711.131575346
117 122 114287089.652402714
118 122 -448974167.313097358
119 122 -142680019.893537700
120 122 397838958.228505790
121 122 -937167916.095506430
122 122 1260798831.309722662
123 122 -238288009.293304324
124 122 -5797626398.819915771
125 122 -8068593335.708459854
126 122 7129282648.182857513
127 122 583142152.779211044
128 122 -560012647.097304225
129 122 130035549.267594889
130 122 6584186765.908525467
131 122 8180544974.678889275
132 122 -7267001957.557994843
115 123 100199448.833657414
116 123 194388761.221272141
117 123 -208343527.552738398
118 123 218238948.272707015
119 123 -150296603.602447301
120 123 -55447817.379890844
121 123 -204565622.710878193
122 123 -238288009.295099527
123 123 403974894.412475348
124 123 462455336.722413898
125 123 -3442849696.409183025
126 123 165677218.931414634
127 123 48006436.780592494
128 123 56456789.338115968
129 123 -159168574.334167004
130 123 -693321535.364953399
131 123 3609996564.520840168
132 123 -178605764.824507356
115 124 178126511.385579556
116 124 -550642603.244658947
117 124 193955430.152193904
118 124 -598653493.986085057
119 124 -23735190.794383820
120 124 390963640.162731707
121 124 7902916117.899503708
122 124 -5797626394.936904907
123 124 462455336.048661172
124 124 108972702816.027938843
125 124 134885119253.160781860
126 124 -131794937767.215515137
127 124 -6831595076.901866913
128 124 4637203203.451641083
129 124 -1730910708.660567999
130 124 -113303880614.933822632
131 124 -134926817593.764236450
132 124 127123966515.762847900
115 125 519328308.783817053
116 125 -109478124.865925580
117 125 -245442708.357168883
118 125 49550261.186260872
119 125 -715447402.318787694
120 125 317546615.973829150
121 125 13646238505.289619446
122 125 -8068593336.009869576
123 125 -3442849696.477730751
124 125 134885119680.809326172
125 125 853414363965.004760742
126 125 -302041913671.005004883
127 125 -7571017231.034508705
128 125 5138375767.826301575
129 125 -2366080677.826286793
130 125 -146105786203.129852295
131 125 -852404438503.745239258
132 125 296998515914.008911133
115 126 -433925368.576146960
116 126 384199212.219809711
117 126 46628557.739491418
118 126 269171321.079134285
119 126 388523097.923512816
120 126 -442927981.201909184
121 126 -10265714086.476753235
122 126 7129282649.440789223
123 126 165677218.318544328
124 126 -131794936531.175338745
125 126 -302041913280.586853027
126 126 189852261861.087493896
127 126 8181395560.469908714
128 126 -5256129644.406947136
129 126 2060882030.460769415
130 126 138591860324.358184814
131 126 301559637545.083618164
132 126 -184401000541.450805664
121 127 -769976396.238174319
122 127 583142152.779211044
123 127 48006436.780592494
124 127 -6831595076.901866913
125 127 -7571017231.034508705
126 127 8181395560.469908714
127 127 773278782.825211525
128 127 -544750169.504475355
129 127 6823561.864821744
130 127 11320528608.499355316
131 127 8773511009.675025940
132 127 -10160942407.677555084
133 127 -57114623.206944726
134 127 20538387.320690349
135 127 30494348.330041740
136 127 -3670260773.589009285
137 127 -2181687899.066705704
138 127 2404292511.989154816
121 128 525755049.883919358
122 128 -560012647.097304225
123 128 56456789.338115968
124 128 4637203203.451641083
125 128 5138375767.826301575
126 128 -5256129644.406947136
127 128 -544750169.504035711
128 128 582184711.449791670
129 128 -118307829.305202469
130 128 -10643829908.306100845
131 128 -7879976379.975249290
132 128 8468529658.150446892
133 128 48550330.183936402
134 128 -38081332.015794590
135 128 -1617418.399165957
136 128 4924190301.681107521
137 128 4111731069.763925076
138 128 -3420796515.152566910
121 129 -47150607.113108665
122 129 130035549.267594889
123 129 -159168574.334167004
124 129 -1730910708.660567999
125 129 -2366080677.826286793
126 129 2060882030.460769415
127 129 6823561.864872720
128 129 -118307829.305047661
129 129 215067477.366534531
130 129 3428478458.398733139
131 129 4888005208.178429604
132 129 -3440552228.564722061
133 129 26471661.945150048
134 129 12674694.297356086
135 129 -47527056.295342013
136 129 -1082738692.528879166
137 129 -2941839810.118929863
138 129 1113677635.600554466
121 130 -8427593731.135854721
122 130 6584186765.908525467
123 130 -693321535.364953399
124 130 -113303880614.933822632
125 130 -146105786203.129852295
126 130 138591860324.358184814
127 130 11320528608.479944229
128 130 -10643829908.894498825
129 130 3428478458.431657314
130 130 666837158218.248901367
131 130 607948143727.828369141
132 130 -513194098808.208923340
133 130 -860897738.227153897
134 130 1390433273.977484465
135 130 -1593150634.712150335
136 130 -430422399903.201110840
137 130 -595948943881.775634766
138 130 342284446808.472839355
121 131 -14150671297.943162918
122 131 8180544974.678889275
123 131 3609996564.520840168
124 131 -134926817593.764236450
125 131 -852404438503.745239258
126 131 301559637545.083618164
127 131 8773511009.715251923
128 131 -7879976379.843812943
129 131 4888005208.133625031
130 131 607948143731.684204102
131 131 1583887205967.479980469
132 131 -716207889419.255249023
133 131 3947829691.095228195
134 131 -147739239.720371544
135 131 -4426929204.479945183
136 131 -306561237834.475097656
137 131 -853039190589.359985352
138 131 320621679144.389404297
121 132 10384743881.088495255
122 132 -7267001957.557994843
123 132 -178605764.824507356
124 132 127123966515.762847900
125 132 296998515914.008911133
126 132 -184401000541.450805664
127 132 -10160942407.753402710
128 132 8468529658.324008942
129 132 -3440552228.537930965
130 132 -513194098857.044677734
131 132 -716207889550.378295898
132 132 471344972724.752075195
133 132 -770566098.484651327
134 132 -559286962.830977082
135 132 1999171839.512953997
136 132 281300786460.231628418
137 132 514578779549.768737793
138 132 -246485859766.941864014
127 133 -57114623.206944726
128 133 48550330.183936402
129 133 26471661.945150048
130 133 -860897738.227153897
131 133 3947829691.095228195
132 133 -770566098.484651327
133 133 281616975.255628288
134 133 -80031430.278719142
135 133 -160829334.397785127
136 133 1418717283.102679253
137 133 -4086195652.349163055
138 133 -18326135.747417085
139 133 -181210969.144360721
140 133 47773299.063802682
141 133 77429686.229896784
142 133 22312498.064084686
143 133 230373168.027427286
144 133 -81731131.370063320
127 134 20538387.320690349
128 134 -38081332.015794590
129 134 12674694.297356086
130 134 1390433273.977484465
131 134 -147739239.720371544
132 134 -559286962.830977082
133 134 -80031430.279184550
134 134 225874112.425487548
135 134 -13525176.415301427
136 134 -1148782974.464196682
137 134 -117567788.257068902
138 134 593657660.634860039
139 134 46987030.091473162
140 134 -168021136.646963269
141 134 14268312.137668904
142 134 -158263093.288794249
143 134 -36965310.982112303
144 134 125479432.062902465
127 135 30494348.330041740
128 135 -1617418.399165957
129 135 -47527056.295342013
130 135 -1593150634.712150335
131 135 -4426929204.479945183
132 135 1999171839.512953997
133 135 -160829334.397819340
134 135 -13525176.415349571
135 135 156334297.319154233
136 135 718844954.680485606
137 135 5034487810.518085480
138 135 -1301149494.832594395
139 135 92914170.053449392
140 135 8727260.663359346
141 135 -70914685.982489422
142 135 26436296.956477851
143 135 -140618900.955662400
144 135 23472621.626372948
127 136 -3670260773.589009285
128 136 4924190301.681107521
129 136 -1082738692.528879166
130 136 -430422399903.201110840
131 136 -306561237834.475097656
132 136 281300786460.231628418
133 136 1418717283.111238480
134 136 -1148782974.463616133
135 136 718844954.691185236
136 136 347261067592.187744141
137 136 410504169681.119323730
138 136 -263536748363.898590088
139 136 15053674.526191385
140 136 -133042311.349708140
141 136 27208464.929144800
142 136 -133952106.231829703
143 136 1308530.639953286
144 136 87202225.407717913
127 137 -2181687899.066705704
128 137 4111731069.763925076
129 137 -2941839810.118929863
130 137 -595948943881.775634766
131 137 -853039190589.359985352
132 137 514578779549.768737793
133 137 -4086195652.345322609
134 137 -117567788.218867943
135 137 5034487810.542446136
136 137 410504169754.522155762
137 137 1007724567078.356933594
138 137 -405294486073.144226074
139 137 212362418.355359197
140 137 -33652204.709459178
141 137 -106083161.067500561
142 137 -3687421.101497989
143 137 -291634794.294816375
144 137 83330511.651147380
127 138 2404292511.989154816
128 138 -3420796515.152566910
129 138 1113677635.600554466
130 138 342284446808.472839355
131 138 320621679144.389404297
132 138 -246485859766.941864014
133 138 -18326135.773830105
134 138 593657660.598007560
135 138 -1301149494.845380068
136 138 -263536748345.812103271
137 138 -405294486012.640319824
138 138 217224226826.869262695
139 138 -70549115.286636591
140 138 112473544.109184518
141 138 10927172.243064633
142 138 98511449.293211684
143 138 77421612.823122323
144 138 -108371030.716302603
133 139 -181210969.144360721
134 139 46987030.091473162
135 139 92914170.053449392
136 139 15053674.526191385
137 139 212362418.355359197
138 139 -70549115.286636591
139 139 526751632.933652222
140 139 -235434659.988855451
141 139 -275184820.588379860
142 139 -43194468.172719136
143 139 -344109301.235151291
144 139 146726891.380303890
145 139 -269334649.777790606
146 139 163001642.253368914
147 139 149460853.395855069
148 139 24361118.171061825
149 139 92191058.191811278
150 139 -56790969.530695401
133 140 47773299.063802682
134 140 -168021136.646963269
135 140 8727260.663359346
136 140 -133042311.349708140
137 140 -33652204.709459178
138 140 112473544.109184518
139 140 -235434659.988868475
140 140 953900690.402118087
141 140 -107819500.082688510
142 140 332351846.632636666
143 140 56587961.946730912
144 140 -291247614.046229720
145 140 167006991.927737296
146 140 -669476251.121834517
147 140 77029717.204948053
148 140 -160439332.464284509
149 140 -21882907.868710022
150 140 156941704.904520601
133 141 77429686.229896784
134 141 14268312.137668904
135 141 -70914685.982489422
136 141 27208464.929144800
137 141 -106083161.067500561
138 141 10927172.243064633
139 141 -275184820.588378727
140 141 -107819500.082685411
141 141 290951600.022043586
142 141 -70030341.643520042
143 141 204584108.985553890
144 141 -13393493.774022216
145 141 159936752.677718520
146 141 63323231.204367198
147 141 -171528878.379154980
148 141 27875872.584412359
149 141 -72722222.094358891
150 141 515820.730873311
133 142 22312498.064084686
134 142 -158263093.288794249
135 142 26436296.956477851
136 142 -133952106.231829703
137 142 -3687421.101497989
138 142 98511449.293211684
139 142 -43194468.172708452
140 142 332351846.632627308
141 142 -70030341.643522173
142 142 198470563.673172951
143 142 -1883103.751260998
144 142 -136338517.051721215
145 142 23186806.783505332
146 142 -149026364.329487234
147 142 28398438.935757063
148 142 -37397699.308054730
149 142 348516.214227797
150 142 33313887.773834322
133 143 230373168.027427286
134 143 -36965310.982112303
135 143 -140618900.955662400
136 143 1308530.639953286
137 143 -291634794.294816375
138 143 77421612.823122323
139 143 -344109301.235139847
140 143 56587961.946736835
141 143 204584108.985556036
142 143 -1883103.751257157
143 143 358614959.484029114
144 143 -102076652.135726705
145 143 89977878.293101832
146 143 -21973182.902344543
147 143 -67249506.588283285
148 143 166714.698449624
149 143 -35369480.697549134
150 143 11792730.227852378
133 144 -81731131.370063320
134 144 125479432.062902465
135 144 23472621.626372948
136 144 87202225.407717913
137 144 83330511.651147380
138 144 -108371030.716302603
139 144 146726891.380292207
140 144 -291247614.046208084
141 144 -13393493.774018768
142 144 -136338517.051699698
143 144 -102076652.135713458
144 144 158522256.763969332
145 144 -53482541.389388479
146 144 151094596.571788400
147 144 -4053214.945013596
148 144 34767481.568208016
149 144 10928778.551265450
150 144 -38053226.558721170
139 145 -269334649.777790606
140 145 167006991.927737296
141 145 159936752.677718520
142 145 23186806.783505332
143 145 89977878.293101832
144 145 -53482541.389388479
145 145 755236252.567202926
146 145 -347267253.250269115
147 145 -380592026.979006648
148 145 -23283967.132999122
149 145 -106235957.520796344
150 145 59798837.396214992
151 145 -127852445.689464778
152 145 69372778.773194641
153 145 40111019.899972476
154 145 -1638553.039607969
155 145 -35689623.001377948
156 145 16321465.248138342
139 146 163001642.253368914
140 146 -669476251.121834517
141 146 63323231.204367198
142 146 -149026364.329487234
143 146 -21973182.902344543
144 146 151094596.571788400
145 146 -347267253.250265479
146 146 1365309008.332631111
147 146 -207351893.622035176
148 146 198227407.195561945
149 146 8348512.528325369
150 146 -192334286.618199646
151 146 64419147.928827010
152 146 -222450364.313783199
153 146 32601709.557031557
154 146 8639976.741613537
155 146 13693000.238969708
156 146 4592350.423119300
139 147 149460853.395855069
140 147 77029717.204948053
141 147 -171528878.379154980
142 147 28398438.935757063
143 147 -67249506.588283285
144 147 -4053214.945013596
145 147 -380592026.979018450
146 147 -207351893.622029781
147 147 422893389.122447848
148 147 -47411057.670323640
149 147 90211703.323437527
150 147 14935454.604884284
151 147 53107185.560581207
152 147 21319629.509030342
153 147 -50068617.287054755
154 147 -1480438.668500101
155 147 15539229.298050456
156 147 -13612813.722506249
139 148 24361118.171061825
140 148 -160439332.464284509
141 148 27875872.584412359
142 148 -37397699.308054730
143 148 166714.698449624
144 148 34767481.568208016
145 148 -23283967.132941939
146 148 198227407.195549339
147 148 -47411057.670335710
148 148 79938133.527051166
149 148 2870914.389341635
150 148 -64291770.778759316
151 148 1134125.382682026
152 148 2380230.928950475
153 148 -2322624.782301495
154 148 -21300076.635327596
155 148 -6834626.356213401
156 148 17723254.249744084
139 149 92191058.191811278
140 149 -21882907.868710022
141 149 -72722222.094358891
142 149 348516.214227797
143 149 -35369480.697549134
144 149 10928778.551265450
145 149 -106235957.520701513
146 149 8348512.528164980
147 149 90211703.323402569
148 149 2870914.388138638
149 149 141874892.256764621
150 149 -73849962.313637689
151 149 -27256119.296841256
152 149 2835281.683616906
153 149 1443190.268434775
154 149 -10288319.556113429
155 149 -78611847.860288575
156 149 57484860.441042021
139 150 -56790969.530695401
140 150 156941704.904520601
141 150 515820.730873311
142 150 33313887.773834322
143 150 11792730.227852378
144 150 -38053226.558721170
145 150 59798837.396176942
146 150 -192334286.618118852
147 150 14935454.604887038
148 150 -64291770.778139152
149 150 -73849962.315195546
150 150 102471445.693044588
151 150 9338096.364985345
152 150 13023203.060466379
153 150 -3501637.993074460
154 150 21934924.423189629
155 150 53576092.642945834
156 150 -52256359.248214722
145 151 -127852445.689464778
146 151 64419147.928827010
147 151 53107185.560581207
148 151 1134125.382682026
149 151 -27256119.296841256
150 151 9338096.364985345
151 151 517125447.186346292
152 151 -225618114.480646908
153 151 -264252085.661819458
154 151 -7683256.962346107
155 151 -15800992.821104351
156 151 22441577.141302887
157 151 -49899066.597060420
158 151 35470048.829200037
159 151 18040451.248571351
160 151 10686610.340219894
161 151 23685477.435606766
162 151 -19379240.435012322
145 152 69372778.773194641
146 152 -222450364.313783199
147 152 21319629.509030342
148 152 2380230.928950475
149 152 2835281.683616906
150 152 13023203.060466379
151 152 -225618114.480646133
152 152 898362147.993246436
153 152 -137149808.271508723
154 152 53461455.456357256
155 152 3721954.595767691
156 152 -86782840.472880483
157 152 17985610.468812104
158 152 -99708634.744264260
159 152 26191443.333841536
160 152 -42403205.173284210
161 152 877826.768600702
162 152 32997245.775528621
145 153 40111019.899972476
146 153 32601709.557031557
147 153 -50068617.287054755
148 153 -2322624.782301495
149 153 1443190.268434775
150 153 -3501637.993074460
151 153 -264252085.661816537
152 153 -137149808.271510929
153 153 288150684.867129207
154 153 -19219386.867146872
155 153 48179815.011450894
156 153 3961302.366569806
157 153 37152017.106133439
158 153 4859887.748321599
159 153 -30106690.926940508
160 153 7269040.739551970
161 153 -23047163.330842569
162 153 4795082.641358121
145 154 -1638553.039607969
146 154 8639976.741613537
147 154 -1480438.668500101
148 154 -21300076.635327596
149 154 -10288319.556113429
150 154 21934924.423189629
151 154 -7683256.962325847
152 154 53461455.456369393
153 154 -19219386.867159113
154 154 58296123.361145340
155 154 4421140.283955496
156 154 -46220567.631041385
157 154 1065909.628808167
158 154 -37490556.345006384
159 154 15177802.541966937
160 154 -17391925.930669829
161 154 4334543.310129213
162 154 11769266.409072725
145 155 -35689623.001377948
146 155 13693000.238969708
147 155 15539229.298050456
148 155 -6834626.356213401
149 155 -78611847.860288575
150 155 53576092.642945834
151 155 -15800992.821135256
152 155 3721954.595797856
153 155 48179815.011446647
154 155 4421140.283831635
155 155 119086087.293117091
156 155 -69813142.967848092
157 155 31538417.904788360
158 155 -11672466.631547116
159 155 -18107876.301233076
160 155 -1182670.655792054
161 155 -17754191.976922981
162 155 9404650.595673725
145 156 16321465.248138342
146 156 4592350.423119300
147 156 -13612813.722506249
148 156 17723254.249744084
149 156 57484860.441042021
150 156 -52256359.248214722
151 156 22441577.141287453
152 156 -86782840.472897828
153 156 3961302.366571936
154 156 -46220567.631112240
155 156 -69813142.968258098
156 156 85793258.064326704
157 156 -15957545.569475202
158 156 43742711.178639688
159 156 -7256926.345513278
160 156 18330628.752488561
161 156 3755578.718666041
162 156 -17609323.581914201
151 157 -49899066.597060420
152 157 17985610.468812104
153 157 37152017.106133439
154 157 1065909.628808167
155 157 31538417.904788360
156 157 -15957545.569475202
157 157 128038857.508585244
158 157 -75752049.292318761
159 157 -42744715.466933385
160 157 466298683.224242508
161 157 533405270.322201729
162 157 -330435017.954567075
163 157 -8310392.323170897
164 157 5122150.024504727
165 157 -1612181.872560272
166 157 -152617331.729769349
167 157 -762586416.342097521
168 157 271702249.612849593
151 158 35470048.829200037
152 158 -99708634.744264260
153 158 4859887.748321599
154 158 -37490556.345006384
155 158 -11672466.631547116
156 158 43742711.178639688
157 158 -75752049.291041553
158 158 224194825.244189680
159 158 -66104102.231122635
160 158 -603133729.516656399
161 158 -453688592.503191590
162 158 349493880.359178066
163 158 33090910.199348237
164 158 -39272788.550902322
165 158 23516697.084018297
166 158 343461710.047280431
167 158 731749806.756966591
168 158 -382935733.832423389
151 159 18040451.248571351
152 159 26191443.333841536
153 159 -30106690.926940508
154 159 15177802.541966937
155 159 -18107876.301233076
156 159 -7256926.345513278
157 159 -42744715.467807844
158 159 -66104102.231121309
159 159 81771449.310877919
160 159 119233824.521024868
161 159 -139982719.344997287
162 159 -12610092.841915291
163 159 -24585857.389070649
164 159 31126543.949063294
165 159 -20774084.866158672
166 159 -169199380.215377420
167 159 100776798.514849007
168 159 92261506.562891573
151 160 10686610.340219894
152 160 -42403205.173284210
153 160 7269040.739551970
154 160 -17391925.930669829
155 160 -1182670.655792054
156 160 18330628.752488561
157 160 466298686.966780186
158 160 -603133733.562627316
159 160 119233824.032489136
160 160 7374502700.961308479
161 160 7205697085.507171631
162 160 -5142368817.906187057
163 160 -95121521.520170376
164 160 152474012.184093207
165 160 -167578357.738726705
166 160 -3043093374.858950138
167 160 -10242451635.293283463
168 160 4257474273.988865852
151 161 23685477.435606766
152 161 877826.768600702
153 161 -23047163.330842569
154 161 4334543.310129213
155 161 -17754191.976922981
156 161 3755578.718666041
157 161 533405274.114048660
158 161 -453688590.281835914
159 161 -139982721.080072731
160 161 7205705860.911839485
161 161 22625808657.324237823
162 161 -8833984441.971031189
163 161 703834042.429245591
164 161 198924383.774765342
165 161 -505161083.892110467
166 161 2689700931.241137028
167 161 -24930080671.991504669
168 161 3276381935.560825825
151 162 -19379240.435012322
152 162 32997245.775528621
153 162 4795082.641358121
154 162 11769266.409072725
155 162 9404650.595673725
156 162 -17609323.581914201
157 162 -330435022.168290794
158 162 349493883.616978288
159 162 -12610090.515434641
160 162 -5142389482.370443344
161 162 -8834005521.289972305
162 162 4598492553.126794815
163 162 -140150223.759247869
164 162 -99445266.994736746
165 162 200248682.856055498
166 162 723885315.458384037
167 162 10797017884.002372742
168 162 -2808302201.176912308
157 163 -8310392.323170897
158 163 33090910.199348237
159 163 -24585857.389070649
160 163 -95121521.520170376
161 163 703834042.429245591
162 163 -140150223.759247869
163 163 1414305320.503587723
164 163 21527224.969855860
165 163 -870443758.097378731
166 163 9802485441.570890427
167 163 -53327688299.240242004
168 163 9014283872.136676788
169 163 -1307733450.817770243
170 163 33093154.907979656
171 163 607080112.093838692
172 163 -7149689841.076704025
173 163 52281373581.357795715
174 163 -12820796891.361879349
157 164 5122150.024504727
158 164 -39272788.550902322
159 164 31126543.949063294
160 164 152474012.184093207
161 164 198924383.774765342
162 164 -99445266.994736746
163 164 21527224.969999172
164 164 339722559.159315348
165 164 -137003932.713369817
166 164 3609092895.364907742
167 164 -5593573246.614339828
168 164 -3715998908.888976574
169 164 -43438835.676212646
170 164 -279031783.487096786
171 164 107135760.947891623
172 164 -3696143886.141984463
173 164 5666591532.711329460
174 164 3218168878.732972622
157 165 -1612181.872560272
158 165 23516697.084018297
159 165 -20774084.866158672
160 165 -167578357.738726705
161 165 -505161083.892110467
162 165 200248682.856055498
163 165 -870443758.097513437
164 165 -137003932.713358015
165 165 684703474.020997047
166 165 -6665238168.578061104
167 165 32831686484.948669434
168 165 -4208912194.894907475
169 165 836093721.811940312
170 165 56245022.699989215
171 165 -501911288.334875345
172 165 5272349161.192653656
173 165 -32131682396.718742371
174 165 6462142508.216195107
157 166 -152617331.729769349
158 166 343461710.047280431
159 166 -169199380.215377420
160 166 -3043093374.858950138
161 166 2689700931.241137028
162 166 723885315.458384037
163 166 9802485441.524019241
164 166 3609092895.374317646
165 166 -6665238168.575939178
166 166 121227895156.076812744
167 166 -434106998979.438354492
168 166 2221545020.182682037
169 166 -9205029302.047832489
170 166 -2894265466.669615746
171 166 4822200639.287965775
172 166 -102930398687.991180420
173 166 435047032123.309875488
174 166 -37706642852.105178833
157 167 -762586416.342097521
158 167 731749806.756966591
159 167 100776798.514849007
160 167 -10242451635.293283463
161 167 -24930080671.991504669
162 167 10797017884.002372742
163 167 -53327688299.166923523
164 167 -5593573246.747053146
165 167 32831686484.970008850
166 167 -434106998891.932861328
167 167 2262871311863.649414062
168 167 -335241828863.054626465
169 167 50526545373.837112427
170 167 2677890398.620671272
171 167 -22237032542.802406311
172 167 337632121541.371887207
173 167 -2221423439239.259277344
174 167 489566081565.008422852
157 168 271702249.612849593
158 168 -382935733.832423389
159 168 92261506.562891573
160 168 4257474273.988865852
161 168 3276381935.560825825
162 168 -2808302201.176912308
163 168 9014283872.168361664
164 168 -3715998908.880823135
165 168 -4208912194.902905941
166 168 2221545018.568803310
167 168 -335241828757.168884277
168 168 165303441388.710693359
169 168 -8522941269.597108841
170 168 3721547204.183678150
171 168 2380968635.332358360
172 168 16313054790.067508698
173 168 319440081075.020385742
174 168 -182101409669.206481934
163 169 -1307733450.817770243
164 169 -43438835.676212646
165 169 836093721.811940312
166 169 -9205029302.047832489
167 169 50526545373.837112427
168 169 -8522941269.597108841
169 169 2170185523.753815174
170 169 -467919747.734356701
171 169 -908182986.022258282
172 169 32839159451.420154572
173 169 101713693048.179794312
174 169 -91492149243.754409790
175 169 -824088568.711649537
176 169 422588715.853363276
177 169 151273133.707145751
178 169 -39049818876.603897095
179 169 -144143941985.046447754
180 169 110265571697.785659790
163 170 33093154.907979656
164 170 -279031783.487096786
165 170 56245022.699989215
166 170 -2894265466.669615746
167 170 2677890398.620671272
168 170 3721547204.183678150
169 170 -467919747.734432518
170 170 771397891.703671098
171 170 32004877.875113711
172 170 -19922005722.199947357
173 170 -59369445400.499404907
174 170 53891097239.058769226
175 170 394803651.555323184
176 170 -487711352.119723380
177 170 -13258928.402123423
178 170 29009464506.399097443
179 170 51843313334.638191223
180 170 -58773556678.219963074
163 171 607080112.093838692
164 171 107135760.947891623
165 171 -501911288.334875345
166 171 4822200639.287965775
167 171 -22237032542.802406311
168 171 2380968635.332358360
169 171 -908182986.022258878
170 171 32004877.875097677
171 171 556255133.164607882
172 171 -9840807566.667013168
173 171 -27850787021.817302704
174 171 26530285949.076412201
175 171 288121100.409452975
176 171 -95084776.256848484
177 171 -105475740.202994123
178 171 10039751566.535926819
179 171 47807601286.190727234
180 171 -32925000410.245098114
163 172 -7149689841.076704025
164 172 -3696143886.141984463
165 172 5272349161.192653656
166 172 -102930398687.991180420
167 172 337632121541.371887207
168 172 16313054790.067508698
169 172 32839159451.420413971
170 172 -19922005722.208545685
171 172 -9840807566.666925430
172 172 2441982413230.333496094
173 172 2979622534592.998535156
174 172 -4739710665737.546875000
175 172 -23039462380.841556549
176 172 20506567259.594558716
177 172 1758658722.921522141
178 172 -2791815499855.854980469
179 172 -2929516460308.587402344
180 172 4767964285339.615234375
163 173 52281373581.357795715
164 173 5666591532.711329460
165 173 -32131682396.718742371
166 173 435047032123.309875488
167 173 -2221423439239.259277344
168 173 319440081075.020385742
169 173 101713693048.176803589
170 173 -59369445400.500328064
171 173 -27850787021.817558289
172 173 2979622534592.979492188
173 173 32379267838739.628906250
174 173 -18499992378711.066406250
175 173 -136331937423.677444458
176 173 52334403893.805648804
177 173 21902760160.272224426
178 173 -5784725800708.133789062
179 173 -28863079432274.441406250
180 173 19480519395995.371093750
163 174 -12820796891.361879349
164 174 3218168878.732972622
165 174 6462142508.216195107
166 174 -37706642852.105178833
167 174 489566081565.008422852
168 174 -182101409669.206481934
169 174 -91492149243.754043579
170 174 53891097239.059783936
171 174 26530285949.076602936
172 174 -4739710665737.444335938
173 174 -18499992378710.925781250
174 174 14839867617991.595703125
175 174 92759422161.999069214
176 174 -52061236308.573631287
177 174 -12234758701.843055725
178 174 6460956320999.083007812
179 174 16896188344520.117187500
180 174 -15299173039303.441406250
169 175 -824088568.711649537
170 175 394803651.555323184
171 175 288121100.409452975
172 175 -23039462380.841556549
173 175 -136331937423.677444458
174 175 92759422161.999069214
175 175 888376052.960957289
176 175 -462026225.834374428
177 175 -219778173.917242497
178 175 34850253197.216613770
179 175 129324439870.184906006
180 175 -98698699879.209060669
181 175 -119969388.217920497
182 175 81149500.574421316
183 175 38398620.031891830
184 175 32033669.207511768
185 175 73003451.756525561
186 175 -69324660.551248372
169 176 422588715.853363276
170 176 -487711352.119723380
171 176 -95084776.256848484
172 176 20506567259.594558716
173 176 52334403893.805648804
174 176 -52061236308.573631287
175 176 -462026225.834521413
176 176 728054895.469303727
177 176 -13960511.004736610
178 176 -25956168285.779510498
179 176 -48188438165.767829895
180 176 53410293553.151153564
181 176 73138510.793070495
182 176 -214080062.444604844
183 176 43467081.299433343
184 176 -105193299.419089407
185 176 -21580372.037778556
186 176 93907941.280806705
169 177 151273133.707145751
170 177 -13258928.402123423
171 177 -105475740.202994123
172 177 1758658722.921522141
173 177 21902760160.272224426
174 177 -12234758701.843055725
175 177 -219778173.917263031
176 177 -13960511.004667988
177 177 174080390.836756229
178 177 -3530155654.563649178
179 177 -20966877336.388809204
180 177 13338184968.549985886
181 177 63303938.913804546
182 177 19628071.889750082
183 177 -63468551.351738192
184 177 27564736.381713919
185 177 -49020614.612025045
186 177 9262733.542365784
169 178 -39049818876.603897095
170 178 29009464506.399097443
171 178 10039751566.535926819
172 178 -2791815499855.854980469
173 178 -5784725800708.133789062
174 178 6460956320999.083007812
175 178 34850253197.218025208
176 178 -25956168285.780570984
177 178 -3530155654.565073967
178 178 3450252165231.216308594
179 178 5265714371449.706054688
180 178 -6585596365379.991210938
181 178 20921419.439978331
182 178 -90790739.597656712
183 178 36414874.387205295
184 178 -64886673.746423967
185 178 2324575.767923126
186 178 43259828.002400048
169 179 -144143941985.046447754
170 179 51843313334.638191223
171 179 47807601286.190727234
172 179 -2929516460308.587402344
173 179 -28863079432274.441406250
174 179 16896188344520.117187500
175 179 129324439870.183990479
176 179 -48188438165.767715454
177 179 -20966877336.389297485
178 179 5265714371464.772460938
179 179 27643749463895.621093750
180 179 -18309615459352.953125000
181 179 81729834.265159354
182 179 -29691234.834295299
183 179 -38104699.277730867
184 179 -5165351.299214575
185 179 -61573436.387328133
186 179 43558034.788914658
169 180 110265571697.785659790
170 180 -58773556678.219963074
171 180 -32925000410.245098114
172 180 4767964285339.615234375
173 180 19480519395995.371093750
174 180 -15299173039303.441406250
175 180 -98698699879.208877563
176 180 53410293553.152465820
177 180 13338184968.550868988
178 180 -6585596365383.424804688
179 180 -18309615459340.421875000
180 180 16052479922992.435546875
181 180 -66344643.421734460
182 180 100954775.511581540
183 180 -11002877.858455863
184 180 57670604.169091158
185 180 35296043.130775161
186 180 -68255174.982569501
175 181 -119969388.217920497
176 181 73138510.793070495
177 181 63303938.913804546
178 181 20921419.439978331
179 181 81729834.265159354
180 181 -66344643.421734460
181 181 1271455798.133113623
182 181 -630526942.457898855
183 181 -464635710.030855060
184 181 -726561627.928798914
185 181 -4486305977.839728355
186 181 2768829360.869861603
187 181 -1015775602.652995348
188 181 511931271.036883175
189 181 121396539.503894299
190 181 1211623595.235362053
191 181 4137864439.618001938
192 181 -2896125376.335393429
175 182 81149500.574421316
176 182 -214080062.444604844
177 182 19628071.889750082
178 182 -90790739.597656712
179 182 -29691234.834295299
180 182 100954775.511581540
181 182 -630526942.458091617
182 182 945411969.046993971
183 182 -23509892.188825279
184 182 1366330580.318547964
185 182 1279986900.241357327
186 182 -2128907777.927391291
187 182 473251558.576614141
188 182 -635674856.276035309
189 182 108974754.935425133
190 182 -1534065102.176816940
191 182 -1058580969.788944244
192 182 1929221419.699969053
175 183 38398620.031891830
176 183 43467081.299433343
177 183 -63468551.351738192
178 183 36414874.387205295
179 183 -38104699.277730867
180 183 -11002877.858455863
181 183 -464635710.030810297
182 183 -23509892.188908201
183 183 358787702.144470036
184 183 -294816832.892066061
185 183 1914499563.116534233
186 183 -553425272.315032244
187 183 385591422.822910488
188 183 -41652118.435061805
189 183 -177136501.953821301
190 183 99259094.213017210
191 183 -1811677227.072040558
192 183 724912156.360224605
175 184 32033669.207511768
176 184 -105193299.419089407
177 184 27564736.381713919
178 184 -64886673.746423967
179 184 -5165351.299214575
180 184 57670604.169091158
181 184 -726561627.927155256
182 184 1366330580.320450306
183 184 -294816832.893142879
184 184 3220545336.474510670
185 184 760122718.731115937
186 184 -3874688264.749952793
187 184 568703498.570095897
188 184 -1065350444.842103004
189 184 395752760.079720616
190 184 -3600403721.201949596
191 184 -394757111.967186511
192 184 3385053960.566021442
175 185 73003451.756525561
176 185 -21580372.037778556
177 185 -49020614.612025045
178 185 2324575.767923126
179 185 -61573436.387328133
180 185 35296043.130775161
181 185 -4486305977.840371132
182 185 1279986900.244410038
183 185 1914499563.115783453
184 185 760122718.677389383
185 185 21265754488.853160858
186 185 -8985224756.806192398
187 185 3949683109.347082615
188 185 -1207169482.956133842
189 185 -660902161.531265736
190 185 -2830140241.763154030
191 185 -20366105421.127212524
192 185 10257643373.901048660
175 186 -69324660.551248372
176 186 93907941.280806705
177 186 9262733.542365784
178 186 43259828.002400048
179 186 43558034.788914658
180 186 -68255174.982569501
181 186 2768829360.867745399
182 186 -2128907777.930427790
183 186 -553425272.313708544
184 186 -3874688264.706200123
185 186 -8985224756.901170731
186 186 8644738273.538000107
187 186 -2377077531.226438999
188 186 1789500581.065804482
189 186 -97678483.305361375
190 186 5192028730.400943756
191 186 8112108235.568294525
192 186 -8637253860.529022217
181 187 -1015775602.652995348
182 187 473251558.576614141
183 187 385591422.822910488
184 187 568703498.570095897
185 187 3949683109.347082615
186 187 -2377077531.226438999
187 187 2404415090.168056965
188 187 -1325232139.396972179
189 187 -792650593.419185162
190 187 -2301094137.829929352
191 187 -10724223934.990726471
192 187 6051453146.728867531
193 187 -1334348651.022066593
194 187 763149436.249689341
195 187 302846707.788638592
196 187 1630246521.735959768
197 187 6855985217.562323570
198 187 -3587320145.123685837
181 188 511931271.036883175
182 188 -635674856.276035309
183 188 -41652118.435061805
184 188 -1065350444.842103004
185 188 -1207169482.956133842
186 188 1789500581.065804482
187 188 -1325232139.397003651
188 188 1648473969.450886011
189 188 -67048700.487800829
190 188 3522696047.842371464
191 188 3022757814.506523132
192 188 -4960036921.185667038
193 188 806908626.290822625
194 188 -918809545.647434354
195 188 134391023.765798390
196 188 -2489011253.138226032
197 188 -1884175045.354884863
198 188 3074010741.691816807
181 189 121396539.503894299
182 189 108974754.935425133
183 189 -177136501.953821301
184 189 395752760.079720616
185 189 -660902161.531265736
186 189 -97678483.305361375
187 189 -792650593.419170499
188 189 -67048700.487802394
189 189 757978130.825061083
190 189 -820865045.963434219
191 189 5554006319.011205673
192 189 -721663676.677013874
193 189 585060688.934285164
194 189 -20575538.701405644
195 189 -396280270.779318511
196 189 331943335.516381383
197 189 -4836877152.538018227
198 189 919084337.442327976
181 190 1211623595.235362053
182 190 -1534065102.176816940
183 190 99259094.213017210
184 190 -3600403721.201949596
185 190 -2830140241.763154030
186 190 5192028730.400943756
187 190 -2301094137.829972744
188 190 3522696047.842220306
189 190 -820865045.963165283
190 190 10825028049.173494339
191 190 4311409244.112209320
192 190 -13105240751.562034607
193 190 1137430742.738042831
194 190 -1769348378.127347946
195 190 625970100.818313837
196 190 -7227303277.447532654
197 190 -1742305652.997423172
198 190 7605143881.536614418
181 191 4137864439.618001938
182 191 -1058580969.788944244
183 191 -1811677227.072040558
184 191 -394757111.967186511
185 191 -20366105421.127212524
186 191 8112108235.568294525
187 191 -10724223934.990745544
188 191 3022757814.506760597
189 191 5554006319.011118889
190 191 4311409244.126013756
191 191 69702197293.491409302
192 191 -22453120057.520820618
193 191 6064787074.936678886
194 191 -1669622432.830404997
195 191 -2663749312.266201496
196 191 -3661752217.984660149
197 191 -49533707835.447479248
198 191 14379554962.287408829
181 192 -2896125376.335393429
182 192 1929221419.699969053
183 192 724912156.360224605
184 192 3385053960.566021442
185 192 10257643373.901048660
186 192 -8637253860.529022217
187 192 6051453146.728808403
188 192 -4960036921.185845375
189 192 -721663676.677196980
190 192 -13105240751.540981293
191 192 -22453120057.608364105
192 192 23247225498.358886719
193 192 -3118960359.330286026
194 192 2610940201.206272602
195 192 -18711655.064724982
196 192 9584763353.219224930
197 192 12499428264.102104187
198 192 -13960424666.736639023
187 193 -1334348651.022066593
188 193 806908626.290822625
189 193 585060688.934285164
190 193 1137430742.738042831
191 193 6064787074.936678886
192 193 -3118960359.330286026
193 193 1858162291.956846714
194 193 -979257659.095118403
195 193 -542806086.852830291
196 193 -99342218.273930609
197 193 59612997466.308464050
198 193 -15203181318.809869766
199 193 -590801449.501513362
200 193 245417283.205567032
201 193 109563914.381617576
202 193 -2261008735.732508659
203 193 -64802553121.161506653
204 193 20849400375.544727325
187 194 763149436.249689341
188 194 -918809545.647434354
189 194 -20575538.701405644
190 194 -1769348378.127347946
191 194 -1669622432.830404997
192 194 2610940201.206272602
193 194 -979257659.095118880
194 194 1127857441.076783419
195 194 -116217501.001327232
196 194 -10807282525.843614578
197 194 83866090.729923263
198 194 17376771721.855728149
199 194 271900311.047298610
200 194 -278646254.959796727
201 194 40904400.921770424
202 194 14453371653.471208572
203 194 897464436.048925996
204 194 -18746183496.185546875
187 195 302846707.788638592
188 195 134391023.765798390
189 195 -396280270.779318511
190 195 625970100.818313837
191 195 -2663749312.266201496
192 195 -18711655.064724982
193 195 -542806086.852819324
194 195 -116217501.001349866
195 195 482113661.398565412
196 195 6447680540.147300720
197 195 -40899442926.392189026
198 195 15476127.543078559
199 195 237031802.113738924
200 195 -1266828.071673836
201 195 -103842246.387506336
202 195 -7452451684.230749130
203 195 43415190031.885246277
204 195 -2492298717.304816246
187 196 1630246521.735959768
188 196 -2489011253.138226032
189 196 331943335.516381383
190 196 -7227303277.447532654
191 196 -3661752217.984660149
192 196 9584763353.219224930
193 196 -99342218.274263054
194 196 -10807282525.844081879
195 196 6447680540.147869110
196 196 877442310122.482543945
197 196 -1410385035117.943603516
198 196 -977227246245.873046875
199 196 -2274995402.836919308
200 196 10155918422.216108322
201 196 -5197208189.193217278
202 196 -962775117009.097167969
203 196 1438630467170.478759766
204 196 833658327472.781982422
187 197 6855985217.562323570
188 197 -1884175045.354884863
189 197 -4836877152.538018227
190 197 -1742305652.997423172
191 197 -49533707835.447479248
192 197 12499428264.102104187
193 197 59612997466.306694031
194 197 83866090.731385037
195 197 -40899442926.392539978
196 197 -1410385035118.013916016
197 197 10325176888144.673828125
198 197 -424130450616.158264160
199 197 -56857346083.980499268
200 197 2638509542.429221153
201 197 22016649448.226844788
202 197 1475979791971.956787109
203 197 -10232460185984.582031250
204 197 939292921183.205322266
187 198 -3587320145.123685837
188 198 3074010741.691816807
189 198 919084337.442327976
190 198 7605143881.536614418
191 198 14379554962.287408829
192 198 -13960424666.736639023
193 198 -15203181318.808120728
194 198 17376771721.856552124
195 198 15476127.542095989
196 198 -977227246245.882446289
197 198 -424130450616.184326172
198 198 1590822689309.948974609
199 198 17661373177.719669342
200 198 -16091615384.167533875
201 198 2392517396.948723793
202 198 1095077024091.675292969
203 198 361327314837.728393555
204 198 -1504440055546.336425781
193 199 -590801449.501513362
194 199 271900311.047298610
195 199 237031802.113738924
196 199 -2274995402.836919308
197 199 -56857346083.980499268
198 199 17661373177.719669342
199 199 1220604777.524191380
200 199 -618812626.912964106
201 199 -337248440.987133205
202 199 16546563224.465553284
203 199 93834069864.114028931
204 199 -38248554362.752632141
205 199 -575239788.195176959
206 199 274243079.729913414
207 199 61195904.153362706
208 199 -15072755867.584318161
209 199 -37766276434.067070007
210 199 17027637420.736169815
193 200 245417283.205567032
194 200 -278646254.959796727
195 200 -1266828.071673836
196 200 10155918422.216108322
197 200 2638509542.429221153
198 200 -16091615384.167533875
199 200 -618812626.912943482
200 200 475566479.733079851
201 200 88152259.459613383
202 200 -19157050524.250396729
203 200 -21237286603.902317047
204 200 26925235001.134807587
205 200 325420767.825235188
206 200 -169939218.267433882
207 200 -29670555.326659404
208 200 8372175687.681443214
209 200 19230643879.138992310
210 200 -10942985854.100419998
193 201 109563914.381617576
194 201 40904400.921770424
195 201 -103842246.387506336
196 201 -5197208189.193217278
197 201 22016649448.226844788
198 201 2392517396.948723793
199 201 -337248440.987122059
200 201 88152259.459632903
201 201 173766493.189383537
202 201 894619760.578201771
203 201 -37541666447.428298950
204 201 4690723379.437762260
205 201 201006507.537950784
206 201 -85603734.967831269
207 201 -32596959.635336094
208 201 5587719016.220875740
209 201 15472628473.952659607
210 201 -5050458414.220039368
193 202 -2261008735.732508659
194 202 14453371653.471208572
195 202 -7452451684.230749130
196 202 -962775117009.097167969
197 202 1475979791971.956787109
198 202 1095077024091.675292969
199 202 16546563224.464332581
200 202 -19157050524.250118256
201 202 894619760.578875303
202 202 1340842474826.570800781
203 202 -764406097948.896850586
204 202 -1341619503056.922851562
205 202 -11305948552.123449326
206 202 5442724518.958389282
207 202 1094640778.799345970
208 202 -305095860938.048522949
209 202 -742895330479.442138672
210 202 362442748012.478271484
193 203 -64802553121.161506653
194 203 897464436.048925996
195 203 43415190031.885246277
196 203 1438630467170.478759766
197 203 -10232460185984.582031250
198 203 361327314837.728393555
199 203 93834069864.112136841
200 203 -21237286603.902576447
201 203 -37541666447.427719116
202 203 -764406097948.775268555
203 203 12486249658786.761718750
204 203 -1846087661536.821777344
205 203 -31312031684.648815155
206 203 13679233886.293348312
207 203 3852307054.439689159
208 203 -860987081271.013549805
209 203 -2293096790562.722656250
210 203 854995105710.099487305
193 204 20849400375.544727325
194 204 -18746183496.185546875
195 204 -2492298717.304816246
196 204 833658327472.781982422
197 204 939292921183.205322266
198 204 -1504440055546.336425781
199 204 -38248554362.750526428
200 204 26925235001.134220123
201 204 4690723379.437030792
202 204 -1341619503056.875488281
203 204 -1846087661536.782714844
204 204 2066671589948.672119141
205 204 15974441266.280656815
206 204 -8186676016.328186035
207 204 -1253209061.153789759
208 204 424571884895.921203613
209 204 962901818913.216796875
210 204 -566584090469.084716797
199 205 -575239788.195176959
200 205 325420767.825235188
201 205 201006507.537950784
202 205 -11305948552.123449326
203 205 -31312031684.648815155
204 205 15974441266.280656815
205 205 540694317.294114470
206 205 -256873732.690213799
207 205 -61530745.891452067
208 205 12700329263.282897949
209 205 31580387797.278694153
210 205 -14689326739.985134125
211 205 -52589375.317888394
212 205 17873016.399504747
213 205 12233556.092459297
214 205 7497386.934806361
215 205 -176314285.850548565
216 205 -12158063.487242328
199 206 274243079.729913414
200 206 -169939218.267433882
201 206 -85603734.967831269
202 206 5442724518.958389282
203 206 13679233886.293348312
204 206 -8186676016.328186035
205 206 -256873732.690200567
206 206 135480724.846012354
207 206 26128415.608962569
208 206 -5976769821.589605331
209 206 -13884377174.132568359
210 206 7735640780.836347580
211 206 21286622.047638629
212 206 -8984174.940760098
213 206 -3195884.974253346
214 206 20965531.715656072
215 206 116318912.132013798
216 206 -67695473.813803479
199 207 61195904.153362706
200 207 -29670555.326659404
201 207 -32596959.635336094
202 207 1094640778.799345970
203 207 3852307054.439689159
204 207 -1253209061.153789759
205 207 -61530745.891449139
206 207 26128415.608969141
207 207 18200803.314584084
208 207 -1366048942.898587942
209 207 -4048098557.002964497
210 207 1184047910.849715948
211 207 10946517.855326438
212 207 -1110647.072195039
213 207 -2471676.827367661
214 207 18060082.524423689
215 207 217872761.652114600
216 207 -109131229.398937091
199 208 -15072755867.584318161
200 208 8372175687.681443214
201 208 5587719016.220875740
202 208 -305095860938.048522949
203 208 -860987081271.013549805
204 208 424571884895.921203613
205 208 12700329263.283088684
206 208 -5976769821.589603424
207 208 -1366048942.898581505
208 208 347760510103.354309082
209 208 872554248843.038940430
210 208 -397401872926.241638184
211 208 37472682.412160508
212 208 -106338706.304434165
213 208 -114001701.554250464
214 208 -2011250799.714344025
215 208 -9968493367.044052124
216 208 8375883673.809128761
199 209 -37766276434.067070007
200 209 19230643879.138992310
201 209 15472628473.952659607
202 209 -742895330479.442138672
203 209 -2293096790562.722656250
204 209 962901818913.216796875
205 209 31580387797.279056549
206 209 -13884377174.132299423
207 209 -4048098557.003126144
208 209 872554248843.118774414
209 209 2327940046009.766601562
210 209 -889877753419.416870117
211 209 -17682315.237637825
212 209 -334856444.891906798
213 209 -357371445.163397670
214 209 -5818113204.773758888
215 209 -37950384116.367645264
216 209 26681294579.713920593
199 210 17027637420.736169815
200 210 -10942985854.100419998
201 210 -5050458414.220039368
202 210 362442748012.478271484
203 210 854995105710.099487305
204 210 -566584090469.084716797
205 210 -14689326739.986761093
206 210 7735640780.836730957
207 210 1184047910.849884748
208 210 -397401872926.322204590
209 210 -889877753419.515014648
210 210 559358112749.317749023
211 210 -124312268.842016324
212 210 316124981.677470565
213 210 312053187.216067493
214 210 5358886044.215930939
215 210 27467214199.082370758
216 210 -23610716117.432346344
205 211 -52589375.317888394
206 211 21286622.047638629
207 211 10946517.855326438
208 211 37472682.412160508
209 211 -17682315.237637825
210 211 -124312268.842016324
211 211 339425091.163937449
212 211 -112675101.235023290
213 211 -310550931.898241043
214 211 1385536248.922693729
215 211 21497378273.218093872
216 211 -5398965413.727861404
217 211 -291144873.324560881
218 211 82855096.917146236
219 211 215974871.130392253
220 211 -2123767881.454142570
221 211 -21411059895.523967743
222 211 5579883184.446153641
205 212 17873016.399504747
206 212 -8984174.940760098
207 212 -1110647.072195039
208 212 -106338706.304434165
209 212 -334856444.891906798
210 212 316124981.677470565
211 212 -112675101.235021859
212 212 47477678.986132637
213 212 106129075.483674958
214 212 -376814431.614979506
215 212 -6445274080.049409866
216 212 1575733668.725183964
217 212 94408454.694596887
218 212 -30742721.919628616
219 212 -73203142.968347743
220 212 667881164.933201432
221 212 6765977910.339234352
222 212 -1909891572.989036083
205 213 12233556.092459297
206 213 -3195884.974253346
207 213 -2471676.827367661
208 213 -114001701.554250464
209 213 -357371445.163397670
210 213 312053187.216067493
211 213 -310550931.898241282
212 213 106129075.483673513
213 213 340647544.338358760
214 213 -1388495006.814735651
215 213 -21541361953.289287567
216 213 5059737831.126701355
217 213 301744805.012570620
218 213 -89723464.660281062
219 213 -249313243.739251733
220 213 2182246299.270928860
221 213 21835494189.143516541
222 213 -5427397385.807223320
205 214 7497386.934806361
206 214 20965531.715656072
207 214 18060082.524423689
208 214 -2011250799.714344025
209 214 -5818113204.773758888
210 214 5358886044.215930939
211 214 1385536248.922713757
212 214 -376814431.614987254
213 214 -1388495006.814734697
214 214 8951096521.260604858
215 214 114725814783.227813721
216 214 -30767774600.846317291
217 214 -1442841467.224959850
218 214 401171791.543497026
219 214 1053890918.014475226
220 214 -11190526519.202398300
221 214 -108354556358.295639038
222 214 25653723275.699783325
205 215 -176314285.850548565
206 215 116318912.132013798
207 215 217872761.652114600
208 215 -9968493367.044052124
209 215 -37950384116.367645264
210 215 27467214199.082370758
211 215 21497378273.218067169
212 215 -6445274080.049411774
213 215 -21541361953.289283752
214 215 114725814783.227645874
215 215 1695067285857.300537109
216 215 -460864584536.131835938
217 215 -21889962230.272483826
218 215 5966767817.177345276
219 215 15685697308.865915298
220 215 -163189202639.590362549
221 215 -1650664103300.379150391
222 215 437658292352.619934082
205 216 -12158063.487242328
206 216 -67695473.813803479
207 216 -109131229.398937091
208 216 8375883673.809128761
209 216 26681294579.713920593
210 216 -23610716117.432346344
211 216 -5398965413.727870941
212 216 1575733668.725196838
213 216 5059737831.126688957
214 216 -30767774600.847148895
215 216 -460864584536.131469727
216 216 185267586887.770050049
217 216 5647937935.387512207
218 216 -1495772506.193519831
219 216 -3744069960.356467247
220 216 39790613071.584297180
221 216 431950230078.445678711
222 216 -162703426574.769287109
211 217 -291144873.324560881
212 217 94408454.694596887
213 217 301744805.012570620
214 217 -1442841467.224959850
215 217 -21889962230.272483826
216 217 5647937935.387512207
217 217 533327673.802712440
218 217 -113796466.331128776
219 217 -441045982.314325631
220 217 2163881851.237591743
221 217 21695187920.791358948
222 217 -5685904147.830960274
223 217 -208948758.819512635
224 217 17821609.286567520
225 217 142398157.141994625
226 217 -1628041.232641128
227 217 115676120.470812038
228 217 -16742215.407935986
211 218 82855096.917146236
212 218 -30742721.919628616
213 218 -89723464.660281062
214 218 401171791.543497026
215 218 5966767817.177345276
216 218 -1495772506.193519831
217 218 -113796466.331134766
218 218 163421736.676782608
219 218 72055188.175928175
220 218 -562702005.278919458
221 218 -5937627468.857831001
222 218 1473761383.011637688
223 218 24703487.080184307
224 218 -83620101.507065877
225 218 -3353487.605793372
226 218 -30524138.606938891
227 218 -9791351.244004143
228 218 23954598.555836961
211 219 215974871.130392253
212 219 -73203142.968347743
213 219 -249313243.739251733
214 219 1053890918.014475226
215 219 15685697308.865915298
216 219 -3744069960.356467247
217 219 -441045982.314320564
218 219 72055188.175926954
219 219 407199556.540781379
220 219 -1576389327.262085199
221 219 -15517266438.948066711
222 219 3773745617.620272160
223 219 197062356.316700548
224 219 -3556828.074676266
225 219 -138799872.315361530
226 219 6446628.529864199
227 219 -110686291.404491961
228 219 12109261.408194924
211 220 -2123767881.454142570
212 220 667881164.933201432
213 220 2182246299.270928860
214 220 -11190526519.202398300
215 220 -163189202639.590362549
216 220 39790613071.584297180
217 220 2163881851.237428188
218 220 -562702005.278924704
219 220 -1576389327.262027264
220 220 16594146429.543722153
221 220 162634454417.018035889
222 220 -40183229684.951972961
223 220 -1392983.102841634
224 220 -21945298.530933931
225 220 4644188.541053793
226 220 -8405085.040761515
227 220 1790769.307254485
228 220 5732146.495461354
211 221 -21411059895.523967743
212 221 6765977910.339234352
213 221 21835494189.143516541
214 221 -108354556358.295639038
215 221 -1650664103300.379150391
216 221 431950230078.445678711
217 221 21695187920.791351318
218 221 -5937627468.857892036
219 221 -15517266438.948017120
220 221 162634454417.015960693
221 221 1645163045353.229248047
222 221 -436161199295.185363770
223 221 107396481.407351598
224 221 -5627582.812745797
225 221 -74223039.374862790
226 221 2105524.696458765
227 221 -59886520.776569933
228 221 7583767.152664089
211 222 5579883184.446153641
212 222 -1909891572.989036083
213 222 -5427397385.807223320
214 222 25653723275.699783325
215 222 437658292352.619934082
216 222 -162703426574.769287109
217 222 -5685904147.831013680
218 222 1473761383.011751652
219 222 3773745617.620213509
220 222 -40183229684.950370789
221 222 -436161199295.182312012
222 222 163811199750.748046875
223 222 -14814542.599184768
224 222 22483479.260621026
225 222 6587182.251390830
226 222 7860265.055961246
227 222 7155889.128800147
228 222 -6975091.585185889
217 223 -208948758.819512635
218 223 24703487.080184307
219 223 197062356.316700548
220 223 -1392983.102841634
221 223 107396481.407351598
222 223 -14814542.599184768
223 223 429510708.268737435
224 223 -63238276.709382117
225 223 -284831806.806388319
226 223 -1300873.063556388
227 223 -157507110.808750987
228 223 26768620.784661829
229 223 -116722782.423812807
230 223 19570284.587991495
231 223 54038395.820880212
232 223 1434467.989598770
233 223 19674495.488876961
234 223 -4348455.154897215
217 224 17821609.286567520
218 224 -83620101.507065877
219 224 -3556828.074676266
220 224 -21945298.530933931
221 224 -5627582.812745797
222 224 22483479.260621026
223 224 -63238276.709382050
224 224 466936353.337652326
225 224 -30777315.152934749
226 224 81597551.271377742
227 224 9459722.885092350
228 224 -61209262.151623599
229 224 35898572.947194889
230 224 -194491606.773952931
231 224 14241626.881449169
232 224 -26582474.456708804
233 224 -3898119.682759095
234 224 14725675.525363183
217 225 142398157.141994625
218 225 -3353487.605793372
219 225 -138799872.315361530
220 225 4644188.541053793
221 225 -74223039.374862790
222 225 6587182.251390830
223 225 -284831806.806388140
224 225 -30777315.152934801
225 225 209666486.254766315
226 225 -12959082.689420629
227 225 109113809.269885018
228 225 -8158849.821535920
229 225 78398000.703198999
230 225 15569112.533952599
231 225 -42315145.694832712
232 225 3120898.152845841
233 225 -13662917.224530576
234 225 777507.846265070
217 226 -1628041.232641128
218 226 -30524138.606938891
219 226 6446628.529864199
220 226 -8405085.040761515
221 226 2105524.696458765
222 226 7860265.055961246
223 226 -1300873.063556399
224 226 81597551.271377712
225 226 -12959082.689420618
226 226 19549650.517098341
227 226 -2597232.132392870
228 226 -13526893.076765064
229 226 3063554.639429464
230 226 -25326398.871382531
231 226 2754125.750955353
232 226 -3523142.535864225
233 226 -212131.448960679
234 226 1949040.768471120
217 227 115676120.470812038
218 227 -9791351.244004143
219 227 -110686291.404491961
220 227 1790769.307254485
221 227 -59886520.776569933
222 227 7155889.128800147
223 227 -157507110.808751047
224 227 9459722.885092355
225 227 109113809.269885018
226 227 -2597232.132392874
227 227 73748908.610365242
228 227 -9787713.178450540
229 227 22463795.738460608
230 227 -1225120.635484359
231 227 -11334953.112864334
232 227 104851.390070216
233 227 -4041584.172773289
234 227 699303.314111314
217 228 -16742215.407935986
218 228 23954598.555836961
219 228 12109261.408194924
220 228 5732146.495461354
221 228 7583767.152664089
222 228 -6975091.585185889
223 228 26768620.784661803
224 228 -61209262.151623502
225 228 -8158849.821535922
226 228 -13526893.076765053
227 228 -9787713.178450543
228 228 12241394.125088157
229 228 -6046555.268448293
230 228 19512918.381977484
231 228 -191773.458382794
232 228 2667165.013762596
233 228 846345.168828982
234 228 -1715557.634078457
223 229 -116722782.423812807
224 229 35898572.947194889
225 229 78398000.703198999
226 229 3063554.639429464
227 229 22463795.738460608
228 229 -6046555.268448293
229 229 675818315.157589197
230 229 -95311205.833250865
231 229 -388612207.896803200
232 229 8828220.685441401
233 229 4470351564.270540237
234 229 -807078429.974701405
235 229 -488506970.928821385
236 229 56530541.514307797
237 229 292799820.168569148
238 229 5445043.507704700
239 229 -4504740846.966547012
240 229 820108091.697832227
223 230 19570284.587991495
224 230 -194491606.773952931
225 230 15569112.533952599
226 230 -25326398.871382531
227 230 -1225120.635484359
228 230 19512918.381977484
229 230 -95311205.833250478
230 230 313139561.156203926
231 230 13988980.154219491
232 230 36259729.853785202
233 230 -573562415.552735090
234 230 103606479.348654300
235 230 57923500.885501280
236 230 -10011719.445281675
237 230 -44208950.573519967
238 230 -2996241.934190566
239 230 577497035.361661911
240 230 -122890990.698584065
223 231 54038395.820880212
224 231 14241626.881449169
225 231 -42315145.694832712
226 231 2754125.750955353
227 231 -11334953.112864334
228 231 -191773.458382794
229 231 -388612207.896803319
230 231 13988980.154219443
231 231 285261495.552179456
232 231 7534206.917667143
233 231 -2910739764.452824593
234 231 564734194.867292881
235 231 293176680.130847216
236 231 -41272759.954291038
237 231 -222585704.186847866
238 231 -36660992.509803995
239 231 2929436985.482748985
240 231 -558616821.128130317
223 232 1434467.989598770
224 232 -26582474.456708804
225 232 3120898.152845841
226 232 -3523142.535864225
227 232 104851.390070216
228 232 2667165.013762596
229 232 8828220.685438517
230 232 36259729.853786252
231 232 7534206.917666858
232 232 129740145.860221207
233 232 97116366.533415735
234 232 23698982.996429384
235 232 -18934390.580234889
236 232 10280283.002792444
237 232 -11760937.620887775
238 232 -146461925.034180552
239 232 -95363112.596266448
240 232 -6268312.377462562
223 233 19674495.488876961
224 233 -3898119.682759095
225 233 -13662917.224530576
226 233 -212131.448960679
227 233 -4041584.172773289
228 233 846345.168828982
229 233 4470351564.270535469
230 233 -573562415.552736998
231 233 -2910739764.452823639
232 233 97116366.533434361
233 233 44389999442.822929382
234 233 -8031330517.271878242
235 233 -4744443026.322275162
236 233 563266214.880121589
237 233 2935672282.637581348
238 233 74175394.160399213
239 233 -44367857915.732589722
240 233 8075729140.235822678
223 234 -4348455.154897215
224 234 14725675.525363183
225 234 777507.846265070
226 234 1949040.768471120
227 234 699303.314111314
228 234 -1715557.634078457
229 234 -807078429.974698901
230 234 103606479.348648548
231 234 564734194.867291808
232 234 23698982.996404082
233 234 -8031330517.271845818
234 234 1673491559.096476555
235 234 845124030.877111197
236 234 -112866618.509057269
237 234 -563913670.338665128
238 234 -123634977.956921399
239 234 8037468184.607667923
240 234 -1630118920.983377218
229 235 -488506970.928821385
230 235 57923500.885501280
231 235 293176680.130847216
232 235 -18934390.580234889
233 235 -4744443026.322275162
234 235 845124030.877111197
235 235 684492679.603044868
236 235 -89040308.287382320
237 235 -376450876.936799645
238 235 5473934.360744876
239 235 4745710957.037221909
240 235 -854042984.521048546
241 235 -4073720.618871501
242 235 1220559.946139112
243 235 3089740.153898568
244 235 -19055.453119841
245 235 325828.049031830
246 235 -64062.797725252
229 236 56530541.514307797
230 236 -10011719.445281675
231 236 -41272759.954291038
232 236 10280283.002792444
233 236 563266214.880121589
234 236 -112866618.509057269
235 236 -89040308.287399650
236 236 252401173.484591424
237 236 13304853.685917350
238 236 -9457765.311108949
239 236 -563749813.687949419
240 236 113111970.530257538
241 236 2248540.195290074
242 236 -11221815.895706762
243 236 202993.817246977
244 236 -366471.254881036
245 236 -20498.355315166
246 236 352662.096315512
229 237 292799820.168569148
230 237 -44208950.573519967
231 237 -222585704.186847866
232 237 -11760937.620887775
233 237 2935672282.637581348
234 237 -563913670.338665128
235 237 -376450876.936801553
236 237 13304853.685914116
237 237 268063345.415025145
238 237 34652123.382501960
239 237 -2937307053.724871159
240 237 558275879.327157497
241 237 2087471.957075291
242 237 1586729.203825727
243 237 -2237633.551882446
244 237 204194.245669910
245 237 -379614.659171506
246 237 -90296.446073013
229 238 5445043.507704700
230 238 -2996241.934190566
231 238 -36660992.509803995
232 238 -146461925.034180552
233 238 74175394.160399213
234 238 -123634977.956921399
235 238 5473934.360821809
236 238 -9457765.311208101
237 238 34652123.382500008
238 238 204620899.199316353
239 238 -80743596.196925595
240 238 80596774.679196790
241 238 -108471.800265311
242 238 -1077457.911085285
243 238 297443.609992789
244 238 -393573.078544994
245 238 118658.500832225
246 238 261831.032865660
229 239 -4504740846.966547012
230 239 577497035.361661911
231 239 2929436985.482748985
232 239 -95363112.596266448
233 239 -44367857915.732589722
234 239 8037468184.607667923
235 239 4745710957.037239075
236 239 -563749813.687897444
237 239 -2937307053.724880695
238 239 -80743596.197166502
239 239 44370666642.972839355
240 239 -8083630740.054792404
241 239 1304745.494087487
242 239 409808.878519187
243 239 -1036143.767264804
244 239 210950.537817536
245 239 -781862.656755402
246 239 -32077.148488935
229 240 820108091.697832227
230 240 -122890990.698584065
231 240 -558616821.128130317
232 240 -6268312.377462562
233 240 8075729140.235822678
234 240 -1630118920.983377218
235 240 -854042984.521104574
236 240 113111970.530127034
237 240 558275879.327177882
238 240 80596774.679603487
239 240 -8083630740.054884911
240 240 1607948787.707109451
241 240 -327222.445458697
242 240 859544.551339085
243 240 72992.966760975
244 240 246193.818636366
245 240 117840.615043242
246 240 -223076.385317962
235 241 -4073720.618871501
236 241 2248540.195290074
237 241 2087471.957075291
238 241 -108471.800265311
239 241 1304745.494087487
240 241 -327222.445458697
241 241 264770301.078598678
242 241 -77530292.102036640
243 241 -190422278.927490920
244 241 2951205.132475154
245 241 31630089.725883313
246 241 -8027335.154305354
247 241 -101995004.489361659
248 241 43691553.807453521
249 241 75646679.795984194
250 241 -3044480.411390379
251 241 -16216407.391733896
252 241 5509480.006766505
235 242 1220559.946139112
236 242 -11221815.895706762
237 242 1586729.203825727
238 242 -1077457.911085285
239 242 409808.878519187
240 242 859544.551339085
241 242 -77530292.102038056
242 242 602739753.380767703
243 242 -41662752.888571806
244 242 -43462501.299266726
245 242 -3218867.149793826
246 242 35972000.495807901
247 242 33589771.732537389
248 242 -279431329.206020474
249 242 19526683.031526931
250 242 27901793.957233243
251 242 1689206.145639637
252 242 -24620138.824723195
235 243 3089740.153898568
236 243 202993.817246977
237 243 -2237633.551882446
238 243 297443.609992789
239 243 -1036143.767264804
240 243 72992.966760975
241 243 -190422278.927491367
242 243 -41662752.888570718
243 243 168360151.218475610
244 243 5068713.074621175
245 243 -24811742.907556757
246 243 267662.017332912
247 243 76507208.828810737
248 243 10013230.569815757
249 243 -66137787.677729808
250 243 -2087604.882802431
251 243 13246345.860078694
252 243 -485734.463186559
235 244 -19055.453119841
236 244 -366471.254881036
237 244 204194.245669910
238 244 -393573.078544994
239 244 210950.537817536
240 244 246193.818636366
241 244 2951205.132490308
242 244 -43462501.299357429
243 244 5068713.074625606
244 244 7521031.166660075
245 244 -386281.675249143
246 244 -6274841.698568110
247 244 -2810637.583679703
248 244 37279096.724057078
249 244 -3976066.279072682
250 244 -3924549.774623598
251 244 58350.498804490
252 244 3572882.293894912
235 245 325828.049031830
236 245 -20498.355315166
237 245 -379614.659171506
238 245 118658.500832225
239 245 -781862.656755402
240 245 117840.615043242
241 245 31630089.725887377
242 245 -3218867.149821674
243 245 -24811742.907554690
244 245 -386281.675204733
245 245 9487303.265938528
246 245 -1519674.602926850
247 245 -21513110.956034526
248 245 5091874.472151414
249 245 17705500.847307291
250 245 -243165.092689143
251 245 -3906341.131458693
252 245 980104.846961297
235 246 -64062.797725252
236 246 352662.096315512
237 246 -90296.446073013
238 246 261831.032865660
239 246 -32077.148488935
240 246 -223076.385317962
241 246 -8027335.154321896
242 246 35972000.495874777
243 246 267662.017331944
244 246 -6274841.698451572
245 246 -1519674.602877047
246 246 6243528.133222492
247 246 6221186.623860471
248 246 -33514167.350651775
249 246 250920.984605393
250 246 3549701.352741518
251 246 713627.356060419
252 246 -3541403.165422138
241 247 -101995004.489361659
242 247 33589771.732537389
243 247 76507208.828810737
244 247 -2810637.583679703
245 247 -21513110.956034526
246 247 6221186.623860471
247 247 2328089567.527895927
248 247 -562001742.576561093
249 247 -1610160300.899519682
250 247 -8024346.850909380
251 247 -108499264.617374226
252 247 24340440.979608584
253 247 -614452749.473719597
254 247 228537172.631338090
255 247 405698190.075550199
256 247 7757568.312495281
257 247 44569651.904438332
258 247 -13490937.213948792
241 248 43691553.807453521
242 248 -279431329.206020474
243 248 10013230.569815757
244 248 37279096.724057078
245 248 5091874.472151414
246 248 -33514167.350651775
247 248 -562001742.576559782
248 248 4862043189.975790024
249 248 -361365532.740744770
250 248 144234754.016058594
251 248 8014482.343699950
252 248 -112818731.739250034
253 248 222999559.405132920
254 248 -1688278926.575868368
255 248 95929790.144419745
256 248 -80972463.237252787
257 248 -7296441.077787611
258 248 66338837.565615438
241 249 75646679.795984194
242 249 19526683.031526931
243 249 -66137787.677729808
244 249 -3976066.279072682
245 249 17705500.847307291
246 249 250920.984605393
247 249 -1610160300.899518967
248 249 -361365532.740743995
249 249 1330184300.816494703
250 249 -17804025.550741985
251 249 80455235.271375954
252 249 9864.507226723
253 249 410581346.943658054
254 249 81821603.837813988
255 249 -331869757.879164040
256 249 6525405.229499293
257 249 -32578721.549103823
258 249 377651.721093239
241 250 -3044480.411390379
242 250 27901793.957233243
243 250 -2087604.882802431
244 250 -3924549.774623598
245 250 -243165.092689143
246 250 3549701.352741518
247 250 -8024346.850914707
248 250 144234754.016076565
249 250 -17804025.550740834
250 250 16126535.248689964
251 250 -457506.934109891
252 250 -12889988.786223274
253 250 7510692.265944856
254 250 -80307644.190676734
255 250 7058694.237668007
256 250 -3896127.057413890
257 250 -104076.478910967
258 250 3112607.912875832
241 251 -16216407.391733896
242 251 1689206.145639637
243 251 13246345.860078694
244 251 58350.498804490
245 251 -3906341.131458693
246 251 713627.356060419
247 251 -108499264.617375955
248 251 8014482.343680875
249 251 80455235.271375507
250 251 -457506.934042787
251 251 18496024.668673079
252 251 -2824748.879653251
253 251 44429515.840662569
254 251 -8030176.991701849
255 251 -32181380.032864910
256 251 -133533.108343928
257 251 -3386293.643003047
258 251 660179.195519442
241 252 5509480.006766505
242 252 -24620138.824723195
243 252 -485734.463186559
244 252 3572882.293894912
245 252 980104.846961297
246 252 -3541403.165422138
247 252 24340440.979607325
248 252 -112818731.739240944
249 252 9864.507228252
250 252 -12889988.786315065
251 252 -2824748.879617250
252 252 11696070.140684398
253 252 -13048573.554690540
254 252 66208023.409976460
255 252 -315946.425014943
256 252 3128193.762547652
257 252 615382.135838320
258 252 -2774141.501403332
247 253 -614452749.473719597
248 253 222999559.405132920
249 253 410581346.943658054
250 253 7510692.265944856
251 253 44429515.840662569
252 253 -13048573.554690540
253 253 2726380949.778530598
254 253 -586309852.445063114
255 253 -1713594652.734017134
256 253 -15776842.901542084
257 253 -227279625.285292000
258 253 49213963.956609897
259 253 -117353457.956797346
260 253 31565605.362961914
261 253 56931112.207207970
262 253 1428231.824013884
263 253 12397658.746356092
264 253 -2843627.318054078
247 254 228537172.631338090
248 254 -1688278926.575868368
249 254 81821603.837813988
250 254 -80307644.190676734
251 254 -8030176.991701849
252 254 66208023.409976460
253 254 -586309852.445063114
254 254 5275889969.588446617
255 254 -412412879.473024249
256 254 295580605.586342752
257 254 15733579.362663973
258 254 -217173483.792148888
259 254 32139310.852464620
260 254 -255573638.733291298
261 254 15003194.192964626
262 254 -18270310.210232731
263 254 -1483028.046110317
264 254 11632686.044027584
247 255 405698190.075550199
248 255 95929790.144419745
249 255 -331869757.879164040
250 255 7058694.237668007
251 255 -32181380.032864910
252 255 -315946.425014943
253 255 -1713594652.734017134
254 255 -412412879.473024428
255 255 1347678253.952251434
256 255 -36058930.464085810
257 255 153844815.472311080
258 255 43263.538877939
259 255 57705638.837958522
260 255 15974122.211980969
261 255 -41576234.403782248
262 255 1701392.050074911
263 255 -6190213.637395908
264 255 -16110.763322267
247 256 7757568.312495281
248 256 -80972463.237252787
249 256 6525405.229499293
250 256 -3896127.057413890
251 256 -133533.108343928
252 256 3128193.762547652
253 256 -15776842.901542066
254 256 295580605.586342633
255 256 -36058930.464085810
256 256 17974096.544779245
257 256 -611947.561853309
258 256 -12176242.282741321
259 256 1490972.546162803
260 256 -19146641.035340920
261 256 1768662.521743237
262 256 -1552126.029722877
263 256 -34520.836769281
264 256 795494.909037691
247 257 44569651.904438332
248 257 -7296441.077787611
249 257 -32578721.549103823
250 257 -104076.478910967
251 257 -3386293.643003047
252 257 615382.135838320
253 257 -227279625.285292059
254 257 15733579.362663977
255 257 153844815.472311050
256 257 -611947.561853310
257 257 20589754.460412834
258 257 -2874809.305171476
259 257 13170110.757728446
260 257 -1436649.860829705
261 257 -6348257.849780613
262 257 -30974.327376463
263 257 -1445630.925909924
264 257 225378.848577953
247 258 -13490937.213948792
248 258 66338837.565615438
249 258 377651.721093239
250 258 3112607.912875832
251 258 660179.195519442
252 258 -2774141.501403332
253 258 49213963.956609897
254 258 -217173483.792148829
255 258 43263.538877943
256 258 -12176242.282741353
257 258 -2874809.305171477
258 258 9975799.578817852
259 258 -2992443.411642830
260 258 12147943.728681296
261 258 14501.539610215
262 258 812748.600905335
263 258 228437.987719019
264 258 -595545.230282155
253 259 -117353457.956797346
254 259 32139310.852464620
255 259 57705638.837958522
256 259 1490972.546162803
257 259 13170110.757728446
258 259 -2992443.411642830
259 259 1703044240.029031038
260 259 -341119573.243864477
261 259 -912793914.348282099
262 259 -11695984.439650172
263 259 -158223964.649497807
264 259 34446098.418842345
265 259 -405760599.136602163
266 259 134857379.763514280
267 259 228133339.276073515
268 259 6078026.434521414
269 259 37451607.893682726
270 259 -10901267.344491234
253 260 31565605.362961914
254 260 -255573638.733291298
255 260 15974122.211980969
256 260 -19146641.035340920
257 260 -1436649.860829705
258 260 12147943.728681296
259 260 -341119573.243862748
260 260 3008663295.283058643
261 260 -254295485.349894702
262 260 202793752.172778815
263 260 11796113.933800243
264 260 -131891308.085982636
265 260 133184520.734254524
266 260 -946176574.678635597
267 260 61876715.876734704
268 260 -61489987.734269187
269 260 -5928203.935161577
270 260 44882796.822072506
253 261 56931112.207207970
254 261 15003194.192964626
255 261 -41576234.403782248
256 261 1768662.521743237
257 261 -6348257.849780613
258 261 14501.539610215
259 261 -912793914.348282099
260 261 -254295485.349894762
261 261 665912832.091783762
262 261 -24808068.618868571
263 261 91034152.910210162
264 261 -100129.494147997
265 261 231815825.215705663
266 261 54937201.414893992
267 261 -172415219.005605549
268 261 5589173.185118426
269 261 -23239904.598550137
270 261 315423.031874725
253 262 1428231.824013884
254 262 -18270310.210232731
255 262 1701392.050074911
256 262 -1552126.029722877
257 262 -30974.327376463
258 262 812748.600905335
259 262 -11695984.439652236
260 262 202793752.172777027
261 262 -24808068.618868243
262 262 14310287.157834731
263 262 -244891.084090736
264 262 -8485069.842078386
265 262 5999614.267391827
266 262 -60984178.283400543
267 262 5904881.381082022
268 262 -4023169.824291120
269 262 -132504.313685513
270 262 2804622.556275676
253 263 12397658.746356092
254 263 -1483028.046110317
255 263 -6190213.637395908
256 263 -34520.836769281
257 263 -1445630.925909924
258 263 228437.987719019
259 263 -158223964.649497867
260 263 11796113.933799358
261 263 91034152.910210088
262 263 -244891.084088906
263 263 15310690.309692871
264 263 -2323776.156339839
265 263 37190790.073923826
266 263 -6310356.440119424
267 263 -22920720.344372276
268 263 -151461.598773427
269 263 -3531445.758109795
270 263 713175.137830109
253 264 -2843627.318054078
254 264 11632686.044027584
255 264 -16110.763322267
256 264 795494.909037691
257 264 225378.848577953
258 264 -595545.230282155
259 264 34446098.418843910
260 264 -131891308.085967734
261 264 -100129.494148870
262 264 -8485069.842092274
263 264 -2323776.156338091
264 264 6629721.491034816
265 264 -10624442.048395326
266 264 45180443.640333802
267 264 -158324.556685352
268 264 2827625.294560714
269 264 677396.433949720
270 264 -2328899.454945311
259 265 -405760599.136602163
260 265 133184520.734254524
261 265 231815825.215705663
262 265 5999614.267391827
263 265 37190790.073923826
264 265 -10624442.048395326
265 265 2057599965.181757927
266 265 -540366690.648502946
267 265 -1212546678.724790335
268 265 -20393325.119510483
269 265 -203493219.910237908
270 265 52450264.138553597
271 265 -590094252.334074020
272 265 222609759.837152421
273 265 361029190.308498859
274 265 10278907.883519024
275 265 61936221.933633000
276 265 -19908602.382238146
259 266 134857379.763514280
260 266 -946176574.678635597
261 266 54937201.414893992
262 266 -60984178.283400543
263 266 -6310356.440119424
264 266 45180443.640333802
265 266 -540366690.648502946
266 266 4205518925.086094856
267 266 -325152949.753859162
268 266 284035544.092631757
269 266 20557339.645740323
270 266 -211899373.479046792
271 266 224081574.372069418
272 266 -1511670249.932679653
273 266 96217423.124203190
274 266 -104682028.314579189
275 266 -10393214.665120725
276 266 85734021.496092692
259 267 228133339.276073515
260 267 61876715.876734704
261 267 -172415219.005605549
262 267 5904881.381082022
263 267 -22920720.344372276
264 267 -158324.556685352
265 267 -1212546678.724790335
266 267 -325152949.753859162
267 267 989027511.248336077
268 267 -34226432.815793812
269 267 132486898.247560069
270 267 -164014.526229827
271 267 364438842.694019794
272 267 89280004.777647212
273 267 -305561816.618948042
274 267 10282555.125807673
275 267 -42685651.195963867
276 267 438473.519726938
259 268 6078026.434521414
260 268 -61489987.734269187
261 268 5589173.185118426
262 268 -4023169.824291120
263 268 -151461.598773427
264 268 2827625.294560714
265 268 -20393325.119510483
266 268 284035544.092631936
267 268 -34226432.815793820
268 268 20103448.289045826
269 268 -257245.037163483
270 268 -13735352.096465277
271 268 10162360.569453340
272 268 -101738072.555539817
273 268 10410639.541453650
274 268 -7369409.162027720
275 268 -174456.144014209
276 268 5620568.618234038
259 269 37451607.893682726
260 269 -5928203.935161577
261 269 -23239904.598550137
262 269 -132504.313685513
263 269 -3531445.758109795
264 269 677396.433949720
265 269 -203493219.910237849
266 269 20557339.645740353
267 269 132486898.247560069
268 269 -257245.037163478
269 269 21237923.187188726
270 269 -3691704.036224256
271 269 60688282.505178899
272 269 -10200337.142387269
273 269 -41187636.365215503
274 269 -174620.527265367
275 269 -6791493.634686521
276 269 1487698.186510560
259 270 -10901267.344491234
260 270 44882796.822072506
261 270 315423.031874725
262 270 2804622.556275676
263 270 713175.137830109
264 270 -2328899.454945311
265 270 52450264.138553567
266 270 -211899373.479046792
267 270 -164014.526229829
268 270 -13735352.096465277
269 270 -3691704.036224250
270 270 12169972.313678015
271 270 -19375263.747767821
272 270 83289927.462629005
273 270 -278345.469674299
274 270 5635619.126546296
275 270 1450351.243403803
276 270 -5273879.712540501
265 271 -590094252.334074020
266 271 224081574.372069418
267 271 364438842.694019794
268 271 10162360.569453340
269 271 60688282.505178899
270 271 -19375263.747767821
271 271 2706744556.701235294
272 271 -701474441.600205183
273 271 -1683107899.897281170
274 271 -21860048.267998856
275 271 -263424384.790062428
276 271 70330951.130827755
277 271 -131807371.985683829
278 271 74535381.714550018
279 271 78102609.602382392
280 271 2949713.455312123
281 271 10379830.187986407
282 271 -4720148.131394883
265 272 222609759.837152421
266 272 -1511670249.932679653
267 272 89280004.777647212
268 272 -101738072.555539817
269 272 -10200337.142387269
270 272 83289927.462629005
271 272 -701474441.600205183
272 272 5037105515.745946884
273 272 -496668292.830889821
274 272 339407627.931080639
275 272 21871459.538618822
276 272 -253290648.812090933
277 272 68856706.520861730
278 272 -345926933.581053317
279 272 27890632.133415796
280 272 -19223619.438561048
281 272 -2459303.568991305
282 272 15488694.636602158
265 273 361029190.308498859
266 273 96217423.124203190
267 273 -305561816.618948042
268 273 10410639.541453650
269 273 -41187636.365215503
270 273 -278345.469674299
271 273 -1683107899.897280455
272 273 -496668292.830889821
273 273 1354310434.378113985
274 273 -51077370.082318664
275 273 178972367.741617233
276 273 -11411.270620094
277 273 80337448.244506717
278 273 20320863.818829965
279 273 -67045661.495423749
280 273 1924232.759151464
281 273 -7240749.538135622
282 273 176218.294660608
265 274 10278907.883519024
266 274 -104682028.314579189
267 274 10282555.125807673
268 274 -7369409.162027720
269 274 -174620.527265367
270 274 5635619.126546296
271 274 -21860048.267998852
272 274 339407627.931080639
273 274 -51077370.082318664
274 274 23831589.900093123
275 274 -985497.049384300
276 274 -16689129.168485478
277 274 2676864.181736942
278 274 -19517149.717578247
279 274 2339563.332216992
280 274 -1114952.311669820
281 274 -47259.688411700
282 274 867324.638704621
265 275 61936221.933633000
266 275 -10393214.665120725
267 275 -42685651.195963867
268 275 -174456.144014209
269 275 -6791493.634686521
270 275 1450351.243403803
271 275 -263424384.790062368
272 275 21871459.538618818
273 275 178972367.741617203
274 275 -985497.049384300
275 275 27082823.476291049
276 275 -4767950.144067829
277 275 10691055.871119982
278 275 -3157830.419516158
279 275 -7285486.972804028
280 275 -83169.272437193
281 275 -904309.144179130
282 275 265883.619331868
265 276 -19908602.382238146
266 276 85734021.496092692
267 276 438473.519726938
268 276 5620568.618234038
269 276 1487698.186510560
270 276 -5273879.712540501
271 276 70330951.130827755
272 276 -253290648.812090933
273 276 -11411.270620094
274 276 -16689129.168485478
275 276 -4767950.144067829
276 276 14192879.459344435
277 276 -4490445.158255029
278 276 15881470.686929094
279 276 -198979.315666606
280 276 876841.031561681
281 276 232112.462443611
282 276 -746770.606291741
271 277 -131807371.985683829
272 277 68856706.520861730
273 277 80337448.244506717
274 277 2676864.181736942
275 277 10691055.871119982
276 277 -4490445.158255029
277 277 3208652910.470695496
278 277 -864445203.510177016
279 277 -2002095824.450785637
280 277 -25259786.147993103
281 277 -297818850.455292046
282 277 82937138.758979231
283 277 -656311554.339872599
284 277 227253675.411814421
285 277 362637100.665920258
286 277 10339116.032917392
287 277 64712470.066622369
288 277 -21187640.759227335
271 278 74535381.714550018
272 278 -345926933.581053317
273 278 20320863.818829965
274 278 -19517149.717578247
275 278 -3157830.419516158
276 278 15881470.686929094
277 278 -864445203.510177016
278 278 5743044507.895170212
279 278 -631443284.378202558
280 278 372534981.195075870
281 278 25134495.658699144
282 278 -271263102.975317717
283 278 263328228.139775366
284 278 -1329757487.524547577
285 278 116628566.061231300
286 278 -96632979.166425779
287 278 -13324808.000072896
288 278 66326623.109407172
271 279 78102609.602382392
272 279 27890632.133415796
273 279 -67045661.495423749
274 279 2339563.332216992
275 279 -7285486.972804028
276 279 -198979.315666606
277 279 -2002095824.450785637
278 279 -631443284.378202558
279 279 1628056381.575169086
280 279 -61991917.075386040
281 279 201819806.908348411
282 279 125290.489293999
283 279 358947154.831887662
284 279 129998413.542961881
285 279 -265469080.363203526
286 279 13594791.838575400
287 279 -38350711.203262858
288 279 -277495.566040740
271 280 2949713.455312123
272 280 -19223619.438561048
273 280 1924232.759151464
274 280 -1114952.311669820
275 280 -83169.272437193
276 280 876841.031561681
277 280 -25259786.147993099
278 280 372534981.195075870
279 280 -61991917.075386040
280 280 25221229.133884657
281 280 -1166143.476195415
282 280 -17155975.613257248
283 280 12848654.874761697
284 280 -94422080.695206612
285 280 12259538.810033223
286 280 -6998095.597914943
287 280 -355283.185361339
288 280 4582015.779024201
271 281 10379830.187986407
272 281 -2459303.568991305
273 281 -7240749.538135622
274 281 -47259.688411700
275 281 -904309.144179130
276 281 232112.462443611
277 281 -297818850.455292046
278 281 25134495.658699151
279 281 201819806.908348411
280 281 -1166143.476195416
281 281 28923669.766332425
282 281 -5250617.945488177
283 281 63041424.270829022
284 281 -9847226.017240426
285 281 -37693050.938737683
286 281 -102492.126126627
287 281 -6359611.539476863
288 281 1471925.760641828
271 282 -4720148.131394883
272 282 15488694.636602158
273 282 176218.294660608
274 282 867324.638704621
275 282 265883.619331868
276 282 -746770.606291741
277 282 82937138.758979231
278 282 -271263102.975317717
279 282 125290.489293999
280 282 -17155975.613257248
281 282 -5250617.945488176
282 282 13768930.475575268
283 282 -22032348.462909117
284 282 64277530.103084028
285 282 181470.560493945
286 282 4545641.810287595
287 282 1585609.048564266
288 282 -3415891.067642323
277 283 -656311554.339872599
278 283 263328228.139775366
279 283 358947154.831887662
280 283 12848654.874761697
281 283 63041424.270829022
282 283 -22032348.462909117
283 283 2561718922.327124119
284 283 -827273654.034972191
285 283 -1505019789.621749163
286 283 -31481848.273105700
287 283 -248242090.143470019
288 283 79906017.791393638
289 283 -649654966.282286048
290 283 346372537.059387565
291 283 444344557.763560355
292 283 14694300.527255891
293 283 68862718.017111987
294 283 -30141342.245778702
277 284 227253675.411814421
278 284 -1329757487.524547577
279 284 129998413.542961881
280 284 -94422080.695206612
281 284 -9847226.017240426
282 284 64277530.103084028
283 284 -827273654.034970999
284 284 5089544233.736716270
285 284 -484866636.599788249
286 284 338390614.948660314
287 284 31782841.106372625
288 284 -251497932.799722344
289 284 352593707.373863578
290 284 -1840349346.566269159
291 284 131596946.565152138
292 284 -115761593.320456639
293 284 -15105603.594361309
294 284 102795622.341798067
277 285 362637100.665920258
278 285 116628566.061231300
279 285 -265469080.363203526
280 285 12259538.810033223
281 285 -37693050.938737683
282 285 181470.560493945
283 285 -1505019789.621749163
284 285 -484866636.599787652
285 285 1233999313.109318018
286 285 -51759155.879741102
287 285 160860678.490973979
288 285 -300992.833261218
289 285 444972180.009411395
290 285 120335426.486161262
291 285 -403448872.099216104
292 285 14641775.733239964
293 285 -51200597.721147977
294 285 636616.073587022
277 286 10339116.032917392
278 286 -96632979.166425779
279 286 13594791.838575400
280 286 -6998095.597914943
281 286 -102492.126126627
282 286 4545641.810287595
283 286 -31481848.273160025
284 286 338390614.948402584
285 286 -51759155.879731342
286 286 43682889.665686727
287 286 -101049740.149286255
288 286 -6011825.445506610
289 286 27049498.159310210
290 286 -112721663.062826902
291 286 13547500.074457461
292 286 -27647896.747168992
293 286 100400151.490249470
294 286 -4465318.659936355
277 287 64712470.066622369
278 287 -13324808.000072896
279 287 -38350711.203262858
280 287 -355283.185361339
281 287 -6359611.539476863
282 287 1585609.048564266
283 287 -248242090.143502086
284 287 31782841.106390189
285 287 160860678.490975320
286 287 -101049740.153866425
287 287 607351914.732974887
288 287 -72351719.742665842
289 287 470311.094087233
290 287 -26310461.778397832
291 287 -42554118.089141600
292 287 102492865.458617792
293 287 -588599540.305775523
294 287 72436121.529753074
277 288 -21187640.759227335
278 288 66326623.109407172
279 288 -277495.566040740
280 288 4582015.779024201
281 288 1471925.760641828
282 288 -3415891.067642323
283 288 79906017.791402012
284 288 -251497932.799659997
285 288 -300992.833236592
286 288 -6011825.457491482
287 288 -72351719.738233194
288 288 22903577.475584351
289 288 -21916802.981943328
290 288 102678980.806018397
291 288 -1153824.395626372
292 288 -4313637.040126150
293 288 68670727.617456988
294 288 -15234139.741565768
283 289 -649654966.282286048
284 289 352593707.373863578
285 289 444972180.009411395
286 289 27049498.159310210
287 289 470311.094087233
288 289 -21916802.981943328
289 289 4310765093.530324936
290 289 -1530077776.128898621
291 289 -2778406742.404043198
292 289 -33505966.870700270
293 289 -152661632.989101380
294 289 62060865.991477571
295 289 -28436954.436512221
296 289 17854895.149775576
297 289 8354971.181386070
298 289 -520464.026172314
299 289 -1851546.387578548
300 289 1865605.527205741
283 290 346372537.059387565
284 290 -1840349346.566269159
285 290 120335426.486161262
286 290 -112721663.062826902
287 290 -26310461.778397832
288 290 102678980.806018397
289 290 -1530077776.128908634
290 290 8884978156.529018402
291 290 -888954837.259661198
292 290 285483870.827843070
293 290 32625906.873260740
294 290 -229274455.561066657
295 290 18581479.411797520
296 290 -52532511.892872646
297 290 6535917.913047403
298 290 1558236.447031430
299 290 595997.512270724
300 290 -1326048.373315769
283 291 444344557.763560355
284 291 131596946.565152138
285 291 -403448872.099216104
286 291 13547500.074457461
287 291 -42554118.089141600
288 291 -1153824.395626372
289 291 -2778406742.404048443
290 291 -888954837.259650111
291 291 2358183229.256750584
292 291 -48954165.597883441
293 291 150274062.458025008
294 291 880059.997431307
295 291 8663210.500217892
296 291 5837204.228199528
297 291 -10670836.644006336
298 291 -796777.266583817
299 291 503418.272551775
300 291 -62191.654830113
283 292 14694300.527255891
284 292 -115761593.320456639
285 292 14641775.733239964
286 292 -27647896.747168992
287 292 102492865.458617792
288 292 -4313637.040126150
289 292 -33505966.870737303
290 292 285483870.828116953
291 292 -48954165.597885810
292 292 42302031.320886202
293 292 -104014616.026037097
294 292 -4682810.004170594
295 292 -639338.785119356
296 292 1404038.993001731
297 292 -846931.196491620
298 292 -553310.652073969
299 292 -13791.531430037
300 292 410460.452621733
283 293 68862718.017111987
284 293 -15105603.594361309
285 293 -51200597.721147977
286 293 100400151.490249470
287 293 -588599540.305775523
288 293 68670727.617456988
289 293 -152661632.989087671
290 293 32625906.873421017
291 293 150274062.458002657
292 293 -104014616.024412543
293 293 605430216.693550587
294 293 -76162375.530411541
295 293 -1853903.764278734
296 293 546132.349609128
297 293 445603.127875176
298 293 -19630.897467669
299 293 -513943.835073733
300 293 268436.271872877
283 294 -30141342.245778702
284 294 102795622.341798067
285 294 636616.073587022
286 294 -4465318.659936355
287 294 72436121.529753074
288 294 -15234139.741565768
289 294 62060865.991368286
290 294 -229274455.560925782
291 294 880059.997430086
292 294 -4682810.003171799
293 294 -76162375.527928159
294 294 24589236.862919345
295 294 1793962.718704274
296 294 -1141195.225621425
297 294 76011.763407938
298 294 387160.389516310
299 294 270901.990183650
300 294 -533537.460525983
289 295 -28436954.436512221
290 295 18581479.411797520
291 295 8663210.500217892
292 295 -639338.785119356
293 295 -1853903.764278734
294 295 1793962.718704274
295 295 3516539629.431878567
296 295 -1388552104.195821524
297 295 -2262884130.448922634
298 295 -21430813.326906085
299 295 -157207213.975383759
300 295 53983001.726565890
301 295 -796512817.746469140
302 295 440355906.122890234
303 295 482548851.306668699
304 295 16547803.468530523
305 295 61768959.952485047
306 295 -30178625.128308248
289 296 17854895.149775576
290 296 -52532511.892872646
291 296 5837204.228199528
292 296 1404038.993001731
293 296 546132.349609128
294 296 -1141195.225621425
295 296 -1388552104.195804596
296 296 7442077353.397222519
297 296 -747498444.229691744
298 296 216950895.823359787
299 296 21533884.767342787
300 296 -174008657.444516182
301 296 447650096.811631918
302 296 -1988590128.170221090
303 296 173871992.908757120
304 296 -105173362.594978362
305 296 -16758661.997338317
306 296 87179449.053199887
289 297 8354971.181386070
290 297 6535917.913047403
291 297 -10670836.644006336
292 297 -846931.196491620
293 297 445603.127875176
294 297 76011.763407938
295 297 -2262884130.448926449
296 297 -747498444.229696631
297 297 1993756674.917279005
298 297 -35790640.077533185
299 297 115002650.693285257
300 297 -103071.440252139
301 297 485114624.307673454
302 297 158979726.112332702
303 297 -419534773.183306992
304 297 14613191.006021755
305 297 -42476828.339189626
306 297 475406.975119894
289 298 -520464.026172314
290 298 1558236.447031430
291 298 -796777.266583817
292 298 -553310.652073969
293 298 -19630.897467669
294 298 387160.389516310
295 298 -21430813.327093765
296 298 216950895.824406117
297 298 -35790640.077579983
298 298 13985571.131379589
299 298 -525185.939987243
300 298 -10318934.493138382
301 298 17143268.208910327
302 298 -104257905.216160372
303 298 15111712.242675191
304 298 -5968216.697081296
305 298 -294937.756094483
306 298 4696072.618211438
289 299 -1851546.387578548
290 299 595997.512270724
291 299 503418.272551775
292 299 -13791.531430037
293 299 -513943.835073733
294 299 270901.990183650
295 299 -157207213.975384712
296 299 21533884.767289277
297 299 115002650.693293214
298 299 -525185.939296608
299 299 15071273.851242017
300 299 -4060226.710140271
301 299 61538101.661734916
302 299 -16916356.353581332
303 299 -42091229.548569486
304 299 -281915.504710554
305 299 -5225920.096048328
306 299 1770444.313665538
289 300 1865605.527205741
290 300 -1326048.373315769
291 300 -62191.654830113
292 300 410460.452621733
293 300 268436.271872877
294 300 -533537.460525983
295 300 53983001.726621479
296 300 -174008657.444398135
297 300 -103071.440225648
298 300 -10318934.500192711
299 300 -4060226.709837397
300 300 9985797.384736685
301 300 -29809165.884521071
302 300 86191801.414793283
303 300 -486610.485701991
304 300 4675250.246065282
305 300 1719997.641485937
306 300 -4296059.682277077
295 301 -796512817.746469140
296 301 447650096.811631918
297 301 485114624.307673454
298 301 17143268.208910327
299 301 61538101.661734916
300 301 -29809165.884521071
301 301 5363349428.274014473
302 301 -1931446354.615869999
303 301 -3198296734.060994148
304 301 -245900178.268431067
305 301 -1795767226.719146013
306 301 637299957.096439242
307 301 -2163842804.784062862
308 301 872075645.759432197
309 301 1248998566.530170679
310 301 203777329.266171396
311 301 1542069800.609705925
312 301 -559475245.148858666
295 302 440355906.122890234
296 302 -1988590128.170221090
297 302 158979726.112332702
298 302 -104257905.216160372
299 302 -16916356.353581332
300 302 86191801.414793283
301 302 -1931446354.615872383
302 302 10101565096.761367798
303 302 -1182794118.219184399
304 302 2350310312.783284664
305 302 291202007.091178894
306 302 -1694758227.775888681
307 302 917637055.850589275
308 302 -4253906335.416932583
309 302 495031513.337573409
310 302 -2025559614.981742382
311 302 -273570501.603747666
312 302 1455914901.688693285
295 303 482548851.306668699
296 303 173871992.908757120
297 303 -419534773.183306992
298 303 15111712.242675191
299 303 -42091229.548569486
300 303 -486610.485701991
301 303 -3198296734.060994148
302 303 -1182794118.219186068
303 303 2620264641.729550362
304 303 -399857284.686277211
305 303 1152647636.563722849
306 303 -45301828.822798729
307 303 1247001040.371111870
308 303 485885102.025419354
309 303 -1031361043.350474358
310 303 346461574.776011229
311 303 -978105061.580217719
312 303 50649995.268693030
295 304 16547803.468530523
296 304 -105173362.594978362
297 304 14613191.006021755
298 304 -5968216.697081296
299 304 -281915.504710554
300 304 4675250.246065282
301 304 -245900178.268444538
302 304 2350310312.783443928
303 304 -399857284.686305225
304 304 3241084579.728723526
305 304 150812269.958453894
306 304 -2892355276.567685127
307 304 256279867.816596061
308 304 -1915341038.446888447
309 304 373027248.483803332
310 304 -3202561935.994199276
311 304 -171602352.529166043
312 304 2880322966.831600666
295 305 61768959.952485047
296 305 -16758661.997338317
297 305 -42476828.339189626
298 305 -294937.756094483
299 305 -5225920.096048328
300 305 1719997.641485937
301 305 -1795767226.719157934
302 305 291202007.091235161
303 305 1152647636.563714981
304 305 150812269.958183199
305 305 1234086692.285819054
306 305 -483664252.348564386
307 305 1524243568.721758127
308 305 -244662349.923259020
309 305 -963519458.743436694
310 305 -142189861.812539965
311 305 -1197565768.687820673
312 305 483978982.539075613
295 306 -30178625.128308248
296 306 87179449.053199887
297 306 475406.975119894
298 306 4696072.618211438
299 306 1770444.313665538
300 306 -4296059.682277077
301 306 637299957.096426487
302 306 -1694758227.775991917
303 306 -45301828.822765186
304 306 -2892355276.567937851
305 306 -483664252.348987937
306 306 2805711844.305010796
307 306 -580074557.797624707
308 306 1346691129.346045017
309 306 7043781.176373856
310 306 2860168662.154807091
311 306 491664256.174312294
312 306 -2799667700.654366970
301 307 -2163842804.784062862
302 307 917637055.850589275
303 307 1247001040.371111870
304 307 256279867.816596061
305 307 1524243568.721758127
306 307 -580074557.797624707
307 307 6549088427.090878487
308 307 -2602707803.421595573
309 307 -3811952888.251003742
310 307 -229776476.226027161
311 307 -1503994359.027317047
312 307 572236937.359402061
313 307 -215618938.263949126
314 307 145589211.383608490
315 307 105562966.016692027
316 307 -1854241.401623158
317 307 -4951611.314779602
318 307 2961252.335036690
301 308 872075645.759432197
302 308 -4253906335.416932583
303 308 485885102.025419354
304 308 -1915341038.446888447
305 308 -244662349.923259020
306 308 1346691129.346045017
307 308 -2602707803.421576023
308 308 12574651629.944229126
309 308 -1491255853.624148130
310 308 1867091163.855137825
311 308 241836813.736478180
312 308 -1308738149.309152603
313 308 146677336.003566056
314 308 -500530588.591420591
315 308 48894065.651982598
316 308 8998366.912986683
317 308 1959069.061219163
318 308 -7185469.355172010
301 309 1248998566.530170679
302 309 495031513.337573409
303 309 -1031361043.350474358
304 309 373027248.483803332
305 309 -963519458.743436694
306 309 7043781.176373856
307 309 -3811952888.251007557
308 309 -1491255853.624149323
309 309 3148769455.126832485
310 309 -375660210.508044243
311 309 947310765.593172073
312 309 -12060337.510284804
313 309 107095417.832874924
314 309 43210465.732976377
315 309 -90169392.754630700
316 309 -1244226.837416979
317 309 2844470.143925727
318 309 -159638.259016930
301 310 203777329.266171396
302 310 -2025559614.981742382
303 310 346461574.776011229
304 310 -3202561935.994199276
305 310 -142189861.812539965
306 310 2860168662.154807091
307 310 -229776476.226069123
308 310 1867091163.855239153
309 310 -375660210.508028150
310 310 3228516826.652513981
311 310 155657413.482275546
312 310 -2887920808.264378548
313 310 -2270291.262891897
314 310 8885162.064140923
315 310 -1510288.769335250
316 310 -1543602.259265765
317 310 -41284.667282741
318 310 1632749.111399338
301 311 1542069800.609705925
302 311 -273570501.603747666
303 311 -978105061.580217719
304 311 -171602352.529166043
305 311 -1197565768.687820673
306 311 491664256.174312294
307 311 -1503994359.027354002
308 311 241836813.736428201
309 311 947310765.593175411
310 311 155657413.479452968
311 311 1240536515.539819956
312 311 -507973571.591615081
313 311 -5088113.026540114
314 311 1993974.666671287
315 311 2813963.018430864
316 311 -21488.693559675
317 311 -998220.295323505
318 311 489046.039003438
301 312 -559475245.148858666
302 312 1455914901.688693285
303 312 50649995.268693030
304 312 2880322966.831600666
305 312 483978982.539075613
306 312 -2799667700.654366970
307 312 572236937.359304786
308 312 -1308738149.309263706
309 312 -12060337.510257263
310 312 -2887920808.262144089
311 312 -507973571.588326335
312 312 2827994870.502290726
313 312 3236649.423474551
314 312 -7020854.820239438
315 312 330567.049498731
316 312 1642320.385301148
317 312 427328.117329473
318 312 -2180989.413812755
307 313 -215618938.263949126
308 313 146677336.003566056
309 313 107095417.832874924
310 313 -2270291.262891897
311 313 -5088113.026540114
312 313 3236649.423474551
313 313 7326040024.776279449
314 313 -2953393053.951694965
315 313 -4376541553.222806931
316 313 -6101870.105556219
317 313 -56380592.606777653
318 313 19809288.420154832
319 313 -219544463.755237550
320 313 144649436.263988316
321 313 114013205.879011616
322 313 2944454.694347557
323 313 8308884.070406022
324 313 -4694076.478107062
307 314 145589211.383608490
308 314 -500530588.591420591
309 314 43210465.732976377
310 314 8885162.064140923
311 314 1993974.666671287
312 314 -7020854.820239438
313 314 -2953393053.951693535
314 314 14105111774.096361160
315 314 -1719748041.308761120
316 314 73874136.085450396
317 314 6310921.841451176
318 314 -60035798.539169401
319 314 146562164.028436184
320 314 -521549803.862960041
321 314 47927457.561154746
322 314 -14325643.092665404
323 314 -2989944.290531728
324 314 11460864.302289475
307 315 105562966.016692027
308 315 48894065.651982598
309 315 -90169392.754630700
310 315 -1510288.769335250
311 315 2813963.018430864
312 315 330567.049498731
313 315 -4376541553.222807884
314 315 -1719748041.308761120
315 315 3737082995.854897022
316 315 -14066294.018475948
317 315 41450188.916267969
318 315 -209051.735895847
319 315 111557320.933983281
320 315 45591425.544812046
321 315 -95391079.588585287
322 315 2039513.870528075
323 315 -4912223.788361740
324 315 20063.536562290
307 316 -1854241.401623158
308 316 8998366.912986683
309 316 -1244226.837416979
310 316 -1543602.259265765
311 316 -21488.693559675
312 316 1642320.385301148
313 316 -6101870.105558364
314 316 73874136.085452884
315 316 -14066294.018476129
316 316 8766336.616372541
317 316 -446438.946344802
318 316 -6487942.827095975
319 316 3100086.867549453
320 316 -14629140.042487836
321 316 2170810.313739533
322 316 -711771.913142783
323 316 148306.023156155
324 316 506065.553480998
307 317 -4951611.314779602
308 317 1959069.061219163
309 317 2844470.143925727
310 317 -41284.667282741
311 317 -998220.295323505
312 317 427328.117329473
313 317 -56380592.606778845
314 317 6310921.841451146
315 317 41450188.916267909
316 317 -446438.946344154
317 317 9244721.854374012
318 317 -2549681.981575260
319 317 8466402.118202008
320 317 -3066622.430285972
321 317 -5200506.309628271
322 317 146819.918365867
323 317 -1124780.198069602
324 317 262757.201180078
307 318 2961252.335036690
308 318 -7185469.355172010
309 318 -159638.259016930
310 318 1632749.111399338
311 318 489046.039003438
312 318 -2180989.413812755
313 318 19809288.420156822
314 318 -60035798.539167956
315 318 -209051.735896138
316 318 -6487942.827080746
317 318 -2549681.981574962
318 318 6589475.719319580
319 318 -4687764.903691324
320 318 11377858.757151784
321 318 -8525.055102104
322 318 382454.604255253
323 318 209683.855725214
324 318 -371383.338077978
313 319 -219544463.755237550
314 319 146562164.028436184
315 319 111557320.933983281
316 319 3100086.867549453
317 319 8466402.118202008
318 319 -4687764.903691324
319 319 2431751791.865555763
320 319 -757110478.818604231
321 319 -1363160799.816835403
322 319 -6329913.873796538
323 319 -340311843.658098161
324 319 102819528.809862971
325 319 -667067233.009885192
326 319 -3726057.352879093
327 319 663690182.084478498
328 319 -36168954.609630123
329 319 225364996.681748033
330 319 -35070444.816116296
313 320 144649436.263988316
314 320 -521549803.862960041
315 320 45591425.544812046
316 320 -14629140.042487836
317 320 -3066622.430285972
318 320 11377858.757151784
319 320 -757110478.818602920
320 320 3954777102.225670338
321 320 -599943096.348840117
322 320 359118331.458197355
323 320 5482804.086874159
324 320 -237482007.270539820
325 320 253235924.111401320
326 320 -1071746718.426069736
327 320 78361993.472756609
328 320 -184558698.339329928
329 320 -29396721.539388400
330 320 195625533.526522666
313 321 114013205.879011616
314 321 47927457.561154746
315 321 -95391079.588585287
316 321 2170810.313739533
317 321 -5200506.309628271
318 321 -8525.055102104
319 321 -1363160799.816835403
320 321 -599943096.348840594
321 321 1104416945.742772818
322 321 -98193588.152592272
323 321 219346516.726037025
324 321 847109.786921934
325 321 354512247.403098762
326 321 311137369.051460922
327 321 -460788873.636362135
328 321 77153975.348501131
329 321 -139014229.400905907
330 321 -33870296.312235072
313 322 2944454.694347557
314 322 -14325643.092665404
315 322 2039513.870528075
316 322 -711771.913142783
317 322 146819.918365867
318 322 382454.604255253
319 322 -6329913.873796367
320 322 359118331.458200157
321 322 -98193588.152592555
322 322 81726482.445942447
323 322 -15045920.263097683
324 322 -48210580.466067545
325 322 38103218.687582128
326 322 -300352810.957995355
327 322 55510960.018016331
328 322 -53671857.812737226
329 322 3025246.395433588
330 322 52815298.378348708
313 323 8308884.070406022
314 323 -2989944.290531728
315 323 -4912223.788361740
316 323 148306.023156155
317 323 -1124780.198069602
318 323 209683.855725214
319 323 -340311843.658098400
320 323 5482804.086874261
321 323 219346516.726036996
322 323 -15045920.263097350
323 323 107919032.820183709
324 323 -20971914.512113851
325 323 234082329.970820695
326 323 54173033.239335917
327 323 -251533245.954324514
328 323 22555319.042157009
329 323 -82489342.330835402
330 323 3178527.802036168
313 324 -4694076.478107062
314 324 11460864.302289475
315 324 20063.536562290
316 324 506065.553480998
317 324 262757.201180078
318 324 -371383.338077978
319 324 102819528.809862360
320 324 -237482007.270540535
321 324 847109.786922172
322 324 -48210580.466066413
323 324 -20971914.512112983
324 324 39165927.615768701
325 324 -93835344.291329965
326 324 181365383.949719638
327 324 37499295.029732972
328 324 28329089.287203420
329 324 22131046.578174084
330 324 -36392274.719412386
319 325 -667067233.009885192
320 325 253235924.111401320
321 325 354512247.403098762
322 325 38103218.687582128
323 325 234082329.970820695
324 325 -93835344.291329965
325 325 1416852083.974365473
326 325 -563333492.529708147
327 325 -1202097603.395331383
328 325 -147672475.171431452
329 325 -1175589801.778481007
330 325 472346882.209486187
331 325 -377084409.987696350
332 325 320423628.618969083
333 325 342558992.759550869
334 325 168950577.972297847
335 325 842884058.012792706
336 325 -454946833.661265373
319 326 -3726057.352879093
320 326 -1071746718.426069736
321 326 311137369.051460922
322 326 -300352810.957995355
323 326 54173033.239335917
324 326 181365383.949719638
325 326 -563333492.529899240
326 326 3012160615.743812561
327 326 -390084952.900661469
328 326 1333811933.976861477
329 326 183630818.836394668
330 326 -1329101470.754925966
331 326 205255562.499412507
332 326 -1114058851.851109266
333 326 146984462.689525634
334 326 -925278317.428678870
335 326 -46693560.752682410
336 326 1122396853.852737427
319 327 663690182.084478498
320 327 78361993.472756609
321 327 -460788873.636362135
322 327 55510960.018016331
323 327 -251533245.954324514
324 327 37499295.029732972
325 327 -1202097603.395331860
326 327 -390084952.900644302
327 327 1313885594.026932240
328 327 -267127735.784627587
329 327 1021310618.816110969
330 327 -35958343.669131443
331 327 294540855.885406554
332 327 42778947.293408126
333 327 -375002470.165639222
334 327 123143160.374058321
335 327 -731792252.730924368
336 327 77466433.717364699
319 328 -36168954.609630123
320 328 -184558698.339329928
321 328 77153975.348501131
322 328 -53671857.812737226
323 328 22555319.042157009
324 328 28329089.287203420
325 328 -147672475.168709844
326 328 1333811933.953834534
327 328 -267127735.785146296
328 328 1240212368.768014669
329 328 36517922.314949259
330 328 -1079404694.681093216
331 328 79006862.313300267
332 328 -848006684.974465728
333 328 196859548.087113827
334 328 -1060548775.123125792
335 328 102351202.664762840
336 328 1144732492.051380873
319 329 225364996.681748033
320 329 -29396721.539388400
321 329 -139014229.400905907
322 329 3025246.395433588
323 329 -82489342.330835402
324 329 22131046.578174084
325 329 -1175589801.779205322
326 329 183630818.835501462
327 329 1021310618.816023111
328 329 36517922.420435183
329 329 2759631444.239070892
330 329 -666188335.408439279
331 329 567171202.898263931
332 329 -224888875.174323738
333 329 -602504417.079856634
334 329 -172332058.492405087
335 329 -2598510399.336320877
336 329 833202470.581504703
319 330 -35070444.816116296
320 330 195625533.526522666
321 330 -33870296.312235072
322 330 52815298.378348708
323 330 3178527.802036168
324 330 -36392274.719412386
325 330 472346882.211344779
326 330 -1329101470.737017393
327 330 -35958343.670328975
328 330 -1079404695.011934280
329 330 -666188335.402488351
330 330 1122691753.624305487
331 330 -240392536.581880122
332 330 878242385.287418604
333 330 -14346997.377038870
334 330 948605652.410535455
335 330 501976530.597562730
336 330 -1204738357.384964228
325 331 -377084409.987696350
326 331 205255562.499412507
327 331 294540855.885406554
328 331 79006862.313300267
329 331 567171202.898263931
330 331 -240392536.581880122
331 331 929659370.548820257
332 331 -61361954.265293583
333 331 -977145591.197707295
334 331 257315644468.825164795
335 331 -933765739082.512207031
336 331 15551942197.166904449
337 331 -635389233.621761441
338 331 -224393518.567459524
339 331 779002365.583520412
340 331 -290871275177.568237305
341 331 923121859768.116210938
342 331 24559786375.656826019
325 332 320423628.618969083
326 332 -1114058851.851109266
327 332 42778947.293408126
328 332 -848006684.974465728
329 332 -224888875.174323738
330 332 878242385.287418604
331 332 -61361954.265303791
332 332 1071147931.982019901
333 332 -268560400.927538216
334 332 68468885604.812911987
335 332 -242779569404.091796875
336 332 3519512528.965531349
337 332 -166086506.467187136
338 332 -58735426.560521670
339 332 199557544.745706677
340 332 -76123835993.336639404
341 332 240347307818.956604004
342 332 5631886981.962476730
325 333 342558992.759550869
326 333 146984462.689525634
327 333 -375002470.165639222
328 333 196859548.087113827
329 333 -602504417.079856634
330 333 -14346997.377038870
331 333 -977145591.197702646
332 333 -268560400.927560747
333 333 1215647571.267809868
334 333 -292419722594.168701172
335 333 1074160217202.753295898
336 333 -14536075064.728569031
337 333 717984583.724132180
338 333 254030968.738680333
339 333 -943245959.801267028
340 333 332252146456.012878418
341 333 -1061427646910.437377930
342 333 -32521514491.175346375
325 334 168950577.972297847
326 334 -925278317.428678870
327 334 123143160.374058321
328 334 -1060548775.123125792
329 334 -172332058.492405087
330 334 948605652.410535455
331 334 257315644468.825622559
332 334 68468885604.816879272
333 334 -292419722594.169494629
334 334 108121230548861.093750000
335 334 -388724296245760.375000000
336 334 7059740581032.052734375
337 334 -262413285674.974548340
338 334 -92367021886.704254150
339 334 329970950667.022949219
340 334 -121710322556891.406250000
341 334 384639735451544.000000000
342 334 9236122370767.919921875
325 335 842884058.012792706
326 335 -46693560.752682410
327 335 -731792252.730924368
328 335 102351202.664762840
329 335 -2598510399.336320877
330 335 501976530.597562730
331 335 -933765739082.511108398
332 335 -242779569404.100738525
333 335 1074160217202.751831055
334 335 -388724296245761.000000000
335 335 1416882801058795.500000000
336 335 -21519590465050.292968750
337 335 954665876116.553833008
338 335 337452684811.771606445
339 335 -1212032260944.711914062
340 335 440346901080410.125000000
341 335 -1401301034150130.750000000
342 335 -39611646935993.054687500
325 336 -454946833.661265373
326 336 1122396853.852737427
327 336 77466433.717364699
328 336 1144732492.051380873
329 336 833202470.581504703
330 336 -1204738357.384964228
331 336 15551942197.166803360
332 336 3519512528.972093582
333 336 -14536075064.728816986
334 336 7059740581030.208984375
335 336 -21519590465050.738281250
336 336 1237663922585.523925781
337 336 -14890664564.159191132
338 336 -4956907208.655388832
339 336 16401822734.328023911
340 336 -7394861822184.179687500
341 336 21431298781360.832031250
342 336 -680569318893.910034180
331 337 -635389233.621761441
332 337 -166086506.467187136
333 337 717984583.724132180
334 337 -262413285674.974548340
335 337 954665876116.553833008
336 337 -14890664564.159191132
337 337 1568872159.952087641
338 337 -41584156.144529857
339 337 -1802597051.869268894
340 337 297024841283.730285645
341 337 -944990709964.017333984
342 337 -25915885563.434501648
343 337 -657906026.848132610
344 337 317336479.818616092
345 337 714958201.834904671
346 337 26650429.406008344
347 337 731768322.526044488
348 337 -291802767.350219250
331 338 -224393518.567459524
332 338 -58735426.560521670
333 338 254030968.738680333
334 338 -92367021886.704254150
335 338 337452684811.771606445
336 338 -4956907208.655388832
337 338 -41584156.144121163
338 338 2101516016.963643074
339 338 -642212108.464537621
340 338 105512150770.526672363
341 338 -333770319772.771728516
342 338 -10565414254.045999527
343 338 96612731.793519780
344 338 -1466718582.587455034
345 338 410313328.845876217
346 338 -747235558.016599774
347 338 196541861.885164648
348 338 877220518.557529330
331 339 779002365.583520412
332 339 199557544.745706677
333 339 -943245959.801267028
334 339 329970950667.022949219
335 339 -1212032260944.711914062
336 339 16401822734.328023911
337 339 -1802597051.869231462
338 339 -642212108.464555144
339 339 2372353156.116303921
340 339 -375403650895.643737793
341 339 1199295932345.702392578
342 339 36745478489.019996643
343 339 743232099.892445922
344 339 117056471.498561993
345 339 -993485083.330565572
346 339 215235485.799421132
347 339 -931888276.390180707
348 339 56173189.404869415
331 340 -290871275177.568237305
332 340 -76123835993.336639404
333 340 332252146456.012878418
334 340 -121710322556891.406250000
335 340 440346901080410.125000000
336 340 -7394861822184.179687500
337 340 297024841283.804260254
338 340 105512150770.444412231
339 340 -375403650895.618774414
340 340 137404297268708.781250000
341 340 -435621113075515.625000000
342 340 -11314144682567.398437500
343 340 -55361182.159717925
344 340 -522647003.817131460
345 340 261271015.193590909
346 340 -333490933.797699928
347 340 184374926.788049817
348 340 326013440.680913270
331 341 923121859768.116210938
332 341 240347307818.956604004
333 341 -1061427646910.437377930
334 341 384639735451544.000000000
335 341 -1401301034150130.750000000
336 341 21431298781360.832031250
337 341 -944990709963.968139648
338 341 -333770319772.721618652
339 341 1199295932345.679199219
340 341 -435621113075542.937500000
341 341 1385918367766345.250000000
342 341 38965960438794.859375000
343 341 533052378.949288666
344 341 -59043144.509759299
345 341 -675516398.251162171
346 341 75606019.848008022
347 341 -721213437.456588149
348 341 139454753.984130889
331 342 24559786375.656826019
332 342 5631886981.962476730
333 342 -32521514491.175346375
334 342 9236122370767.919921875
335 342 -39611646935993.054687500
336 342 -680569318893.910034180
337 342 -25915885563.532001495
338 342 -10565414254.042535782
339 342 36745478489.038772583
340 342 -11314144682548.644531250
341 342 38965960438688.242187500
342 342 2915557265209.748535156
343 342 -114224107.462108105
344 342 656067704.824118614
345 342 -88812917.296309978
346 342 337885401.238718033
347 342 8433333.864095567
348 342 -417566697.069011569
337 343 -657906026.848132610
338 343 96612731.793519780
339 343 743232099.892445922
340 343 -55361182.159717925
341 343 533052378.949288666
342 343 -114224107.462108105
343 343 1479967390.774582624
344 343 -994384647.273075223
345 343 -1418266539.161502123
346 343 172632420.729666948
347 343 137924857.266003400
348 343 -175966205.174696803
349 343 -865455422.037680745
350 343 783280959.667687535
351 343 834380910.130702496
352 343 -133069420.921181306
353 343 -679096579.753424883
354 343 355832907.024490476
337 344 317336479.818616092
338 344 -1466718582.587455034
339 344 117056471.498561993
340 344 -522647003.817131460
341 344 -59043144.509759299
342 344 656067704.824118614
343 344 -994384647.270888567
344 344 5227924941.826293945
345 344 -391464358.250986814
346 344 -611007852.615409255
347 344 -204382626.498583347
348 344 620202901.851864576
349 344 818794040.172546029
350 344 -3887491997.357514381
351 344 147797633.753222197
352 344 1084048384.503782511
353 344 165998775.443435282
354 344 -1355285574.947971821
337 345 714958201.834904671
338 345 410313328.845876217
339 345 -993485083.330565572
340 345 261271015.193590909
341 345 -675516398.251162171
342 345 -88812917.296309978
343 345 -1418266539.160696030
344 345 -391464358.252285004
345 345 1850830413.538106203
346 345 -81288524.397912651
347 345 149805159.264515042
348 345 31750172.740625970
349 345 750353501.429034114
350 345 179058225.462811530
351 345 -1022454805.593042612
352 345 -141559334.388491243
353 345 571399126.062963843
354 345 -3096387.413793240
337 346 26650429.406008344
338 346 -747235558.016599774
339 346 215235485.799421132
340 346 -333490933.797699928
341 346 75606019.848008022
342 346 337885401.238718033
343 346 172632449.173899561
344 346 -611007859.200998306
345 346 -81288526.462542146
346 346 1039019651.499993563
347 346 -106638478.502629131
348 346 -789329033.562265158
349 346 -153153038.698098958
350 346 1058788901.617531776
351 346 -119135968.287361473
352 346 -671072419.306122661
353 346 -31411127.432065181
354 346 490794503.989904881
337 347 731768322.526044488
338 347 196541861.885164648
339 347 -931888276.390180707
340 347 184374926.788049817
341 347 -721213437.456588149
342 347 8433333.864095567
343 347 137924891.466340810
344 347 -204382603.874378741
345 347 149805154.478319913
346 347 -106495313.575781971
347 347 1954009887.818457365
348 347 -363805741.118464470
349 347 -532804448.737659633
350 347 147002632.770715714
351 347 560378119.736706376
352 347 -12619214.844498999
353 347 -1188243709.339509726
354 347 281690114.558558643
337 348 -291802767.350219250
338 348 877220518.557529330
339 348 56173189.404869415
340 348 326013440.680913270
341 348 139454753.984130889
342 348 -417566697.069011569
343 348 -175966210.305794150
344 348 620202898.454043627
345 348 31750172.580778882
346 348 -789356542.896649361
347 348 -363816825.496271610
348 348 938049362.716615200
349 348 320964200.144068658
350 348 -1239318936.908107042
351 348 -20261096.460949175
352 348 417219673.454907775
353 348 285533402.622015774
354 348 -510319242.248326004
343 349 -865455422.037680745
344 349 818794040.172546029
345 349 750353501.429034114
346 349 -153153038.698098958
347 349 -532804448.737659633
348 349 320964200.144068658
349 349 990833013.099990249
350 349 -883515064.285194874
351 349 -879179054.907033443
352 349 139479895.458268940
353 349 579747295.567924380
354 349 -340422289.484845519
355 349 -77248383.613358632
356 349 37633380.740090974
357 349 52999808.095733047
358 349 -3891132.302987700
359 349 -32534643.047237951
360 349 10493573.105721729
343 350 783280959.667687535
344 350 -3887491997.357514381
345 350 179058225.462811530
346 350 1058788901.617531776
347 350 147002632.770715714
348 350 -1239318936.908107042
349 350 -883515064.284895182
350 350 4186152763.461437702
351 350 -183625573.201317757
352 350 -1063744994.859310746
353 350 -155330579.006163836
354 350 1352715333.547636986
355 350 32916469.706265442
356 350 -216568414.705938578
357 350 11908893.314805543
358 350 46174615.180520654
359 350 3562928.223189357
360 350 -48723338.228611045
343 351 834380910.130702496
344 351 147797633.753222197
345 351 -1022454805.593042612
346 351 -119135968.287361473
347 351 560378119.736706376
348 351 -20261096.460949175
349 351 -879179054.907050848
350 351 -183625573.201202333
351 351 1167039931.016953230
352 351 131032301.923701718
353 351 -607769704.874053001
354 351 15850683.555976726
355 351 45794960.214211039
356 351 9783765.967790047
357 351 -47928687.817228064
358 351 -4201676.229397709
359 351 29530618.301844813
360 351 -1017228.206293546
343 352 -133069420.921181306
344 352 1084048384.503782511
345 352 -141559334.388491243
346 352 -671072419.306122661
347 352 -12619214.844498999
348 352 417219673.454907775
349 352 139479895.483667463
350 352 -1063744995.210156202
351 352 131032301.998653263
352 352 798745604.443999052
353 352 15356538.305322805
354 352 -531067655.154061794
355 352 2553233.057002923
356 352 -25805233.911475431
357 352 4813702.761950085
358 352 -127246106.124339104
359 352 -1600760.728360533
360 352 67557125.954989254
343 353 -679096579.753424883
344 353 165998775.443435282
345 353 571399126.062963843
346 353 -31411127.432065181
347 353 -1188243709.339509726
348 353 285533402.622015774
349 353 579747295.375407457
350 353 -155330579.270368129
351 353 -607769704.792443514
352 353 15356591.032408580
353 353 1421089502.210521221
354 353 -324521282.632581294
355 353 64779951.662008561
356 353 -6620194.001463142
357 353 -15979759.286370534
358 353 -6736572.423453157
359 353 -202589963.920287937
360 353 39000899.607102089
343 354 355832907.024490476
344 354 -1355285574.947971821
345 354 -3096387.413793240
346 354 490794503.989904881
347 354 281690114.558558643
348 354 -510319242.248326004
349 354 -340422289.494477034
350 354 1352715333.577780247
351 354 15850683.564977461
352 354 -531067653.856584668
353 354 -324521280.310527205
354 354 581193047.805140138
355 354 -10340946.499108283
356 354 -12129089.560735272
357 354 3315850.143468883
358 354 54617861.750878043
359 354 35706150.987015463
360 354 -38096822.864931352
349 355 -77248383.613358632
350 355 32916469.706265442
351 355 45794960.214211039
352 355 2553233.057002923
353 355 64779951.662008561
354 355 -10340946.499108283
355 355 1135576839.625942707
356 355 -262594956.281349421
357 355 -636734502.324177861
358 355 -9330142.454214068
359 355 -149638534.758403182
360 355 31900252.663443301
361 355 -125116529.218622595
362 355 76979643.999090940
363 355 114088831.789551616
364 355 3370777.936141327
365 355 15336294.561140062
366 355 -6508797.002142029
349 356 37633380.740090974
350 356 -216568414.705938578
351 356 9783765.967790047
352 356 -25805233.911475431
353 356 -6620194.001463142
354 356 -12129089.560735272
355 356 -262594955.061478794
356 356 2120009975.008458614
357 356 -195844050.511854738
358 356 137374662.263011247
359 356 12260297.888230827
360 356 -69003189.829614669
361 356 68753052.771733597
362 356 -608502151.323135018
363 356 21575606.016595609
364 356 -35653720.543641217
365 356 -2702190.677074113
366 356 42000738.502182856
349 357 52999808.095733047
350 357 11908893.314805543
351 357 -47928687.817228064
352 357 4813702.761950085
353 357 -15979759.286370534
354 357 3315850.143468883
355 357 -636734502.263845205
356 357 -195844050.808124989
357 357 548523774.672267556
358 357 -19575966.667738568
359 357 63112115.536543064
360 357 -2933058.114667466
361 357 106958644.674980238
362 357 9589790.578983355
363 357 -125787857.605401680
364 357 1844119.239700170
365 357 -14923207.612673895
366 357 569547.673141813
349 358 -3891132.302987700
350 358 46174615.180520654
351 358 -4201676.229397709
352 358 -127246106.124339104
353 358 -6736572.423453157
354 358 54617861.750878043
355 358 -9330263.565578777
356 358 137362287.821413964
357 358 -19576852.735944182
358 358 121801104.940200701
359 358 17925651.403013758
360 358 -61276589.053659506
361 358 3475960.002948610
362 358 -40695301.424581468
363 358 2744115.815703331
364 358 -2445057.251229825
365 358 -38926.786971074
366 358 2786625.907727658
349 359 -32534643.047237951
350 359 3562928.223189357
351 359 29530618.301844813
352 359 -1600760.728360533
353 359 -202589963.920287937
354 359 35706150.987015463
355 359 -149639125.477629125
356 359 12260399.836149169
357 359 63111612.810012929
358 359 6079925.162842037
359 359 218863332.157754540
360 359 -45824450.900908366
361 359 16363894.349079257
362 359 -4682338.283196555
363 359 -17008380.302397870
364 359 -115168.496872199
365 359 -2175852.232769073
366 359 499697.395517685
349 360 10493573.105721729
350 360 -48723338.228611045
351 360 -1017228.206293546
352 360 67557125.954989254
353 360 39000899.607102089
354 360 -38096822.864931352
355 360 31901201.936979286
356 360 -68993388.705158427
357 360 -2933353.626068638
358 360 -67549296.461716726
359 360 -48735325.371630087
360 360 47015066.182163984
361 360 -6270926.095233195
362 360 45180019.072816014
363 360 -161794.949981103
364 360 2609948.974707413
365 360 376548.049996418
366 360 -3230110.328792867
355 361 -125116529.218622595
356 361 68753052.771733597
357 361 106958644.674980238
358 361 3475960.002948610
359 361 16363894.349079257
360 361 -6270926.095233195
361 361 458189987.256028175
362 361 -191398899.649792403
363 361 -358638574.551778376
364 361 -6954264.295700790
365 361 -49757234.864174552
366 361 17679780.840863138
367 361 -66704377.871456653
368 361 32506331.811618619
369 361 49481264.495732598
370 361 1518195.342584627
371 361 7823048.857980106
372 361 -3429563.937146315
355 362 76979643.999090940
356 362 -608502151.323135018
357 362 9589790.578983355
358 362 -40695301.424581468
359 362 -4682338.283196555
360 362 45180019.072816014
361 362 -191398899.649792403
362 362 1464272636.063582420
363 362 -82296825.543973401
364 362 88794645.050971687
365 362 6989096.512795865
366 362 -98483089.143600762
367 362 40683792.366674103
368 362 -234188422.198523045
369 362 7945475.914349575
370 362 -16880150.974462658
371 362 -2378968.160871189
372 362 19519842.053797141
355 363 114088831.789551616
356 363 21575606.016595609
357 363 -125787857.605401680
358 363 2744115.815703331
359 363 -17008380.302397870
360 363 -161794.949981103
361 363 -358638574.551778376
362 363 -82296825.543973431
363 363 408400099.730051994
364 363 -9456699.687222308
365 363 48873741.252717957
366 363 -34832.217095079
367 363 43721265.622817591
368 363 13519307.409709172
369 363 -48199794.246961989
370 363 1594681.735635189
371 363 -6966515.132928221
372 363 -201427.148848914
355 364 3370777.936141327
356 364 -35653720.543641217
357 364 1844119.239700170
358 364 -2445057.251229825
359 364 -115168.496872199
360 364 2609948.974707413
361 364 -6954264.295700792
362 364 88794645.050971761
363 364 -9456699.687222306
364 364 5858737.235199166
365 364 -145867.791275051
366 364 -6102639.518629183
367 364 2114541.327493911
368 364 -16199262.417386567
369 364 1094280.922751890
370 364 -1233608.595940511
371 364 -75298.108149584
372 364 1429061.049606017
355 365 15336294.561140062
356 365 -2702190.677074113
357 365 -14923207.612673895
358 365 -38926.786971074
359 365 -2175852.232769073
360 365 376548.049996418
361 365 -49757234.864174567
362 365 6989096.512795866
363 365 48873741.252717957
364 365 -145867.791275051
365 365 6692499.589452664
366 365 -1152787.521571085
367 365 6990129.893088339
368 365 -1391594.852053396
369 365 -6748622.918585411
370 365 1906.492681886
371 365 -1091849.642857095
372 365 228229.783448279
355 366 -6508797.002142029
356 366 42000738.502182856
357 366 569547.673141813
358 366 2786625.907727658
359 366 499697.395517685
360 366 -3230110.328792867
361 366 17679780.840863131
362 366 -98483089.143600777
363 366 -34832.217095079
364 366 -6102639.518629179
365 366 -1152787.521571085
366 366 7426602.850581206
367 366 -3554675.878708113
368 366 17222945.409810584
369 366 261641.877889773
370 366 1327550.564610083
371 366 289275.668019297
372 366 -1669777.296243463
361 367 -66704377.871456653
362 367 40683792.366674103
363 367 43721265.622817591
364 367 2114541.327493911
365 367 6990129.893088339
366 367 -3554675.878708113
367 367 2171222867.043856144
368 367 -542468238.183310986
369 367 -1326329334.942732811
370 367 -67616075.444356591
371 367 -620814074.152584553
372 367 172600192.573832542
373 367 -712859817.805176377
374 367 236914166.110562027
375 367 522748556.029669404
376 367 56724529.710734479
377 367 486402530.848908484
378 367 -141230312.919694543
361 368 32506331.811618619
362 368 -234188422.198523045
363 368 13519307.409709172
364 368 -16199262.417386567
365 368 -1391594.852053396
366 368 17222945.409810584
367 368 -542468238.183309078
368 368 3775678941.407874584
369 368 -343965234.598154306
370 368 767821523.554157376
371 368 88385025.911405519
372 368 -633446565.003420711
373 368 226805082.284468293
374 368 -1458942163.634414673
375 368 60828261.961511299
376 368 -591014325.454892397
377 368 -74607603.879922792
378 368 535296302.601278543
361 369 49481264.495732598
362 369 7945475.914349575
363 369 -48199794.246961989
364 369 1094280.922751890
365 369 -6748622.918585411
366 369 261641.877889773
367 369 -1326329334.942732573
368 369 -343965234.598154545
369 369 1097801122.574313164
370 369 -86801583.944532633
371 369 452309954.817378938
372 369 -20768950.467049263
373 369 477647914.189258337
374 369 55904710.962714687
375 369 -445525105.915270209
376 369 56923233.214802541
377 369 -356111336.765436232
378 369 20290658.393566325
361 370 1518195.342584627
362 370 -16880150.974462658
363 370 1594681.735635189
364 370 -1233608.595940511
365 370 1906.492681886
366 370 1327550.564610083
367 370 -67616075.444356352
368 370 767821523.554152727
369 370 -86801583.944532782
370 370 297897125.215259194
371 370 7620664.735858045
372 370 -231318500.026796997
373 370 63110531.999688022
374 370 -644458733.480230927
375 370 61560326.199197106
376 370 -271033442.138534725
377 370 -7023146.229218391
378 370 229733185.997988760
361 371 7823048.857980106
362 371 -2378968.160871189
363 371 -6966515.132928221
364 371 -75298.108149584
365 371 -1091849.642857095
366 371 289275.668019297
367 371 -620814074.152584672
368 371 88385025.911405727
369 371 452309954.817379177
370 371 7620664.735856927
371 371 388862862.305777013
372 371 -76240985.701632351
373 371 497501178.206422091
374 371 -90717261.069530979
375 371 -399536992.119134843
376 371 -8429491.047469849
377 371 -363202086.157098353
378 371 74710150.209430054
361 372 -3429563.937146315
362 372 19519842.053797141
363 372 -201427.148848914
364 372 1429061.049606017
365 372 228229.783448279
366 372 -1669777.296243463
367 372 172600192.573833257
368 372 -633446565.003420591
369 372 -20768950.467049286
370 372 -231318500.026788831
371 372 -76240985.701632738
372 372 219225144.397720873
373 372 -140229340.464214593
374 372 542928557.156906009
375 372 24868512.556929648
376 372 210965108.974693269
377 372 69906896.654200792
378 372 -214798510.783291996
367 373 -712859817.805176377
368 373 226805082.284468293
369 373 477647914.189258337
370 373 63110531.999688022
371 373 497501178.206422091
372 373 -140229340.464214593
373 373 2227121800.598668575
374 373 -716424902.595790029
375 373 -1573032828.416538000
376 373 70186913.394963264
377 373 597579903.173727751
378 373 -143264741.011549473
379 373 -1405294930.055816650
380 373 466641389.874852479
381 373 1077831766.949331999
382 373 -116411356.862533286
383 373 -1100110945.450026274
384 373 299153073.792978644
367 374 236914166.110562027
368 374 -1458942163.634414673
369 374 55904710.962714687
370 374 -644458733.480230927
371 374 -90717261.069530979
372 374 542928557.156906009
373 374 -716424902.595786929
374 374 5229409403.380598068
375 374 -276466338.540953636
376 374 -968994552.247632146
377 374 -53031513.522569209
378 374 733135031.769506454
379 374 478458863.342217505
380 374 -3637028033.346093178
381 374 195394800.605611205
382 374 1543648617.521159649
383 374 135205980.020832121
384 374 -1376714354.411786795
367 375 522748556.029669404
368 375 60828261.961511299
369 375 -445525105.915270209
370 375 61560326.199197106
371 375 -399536992.119134843
372 375 24868512.556929648
373 375 -1573032828.416538715
374 375 -276466338.540955961
375 375 1410606744.953804970
376 375 103256285.892771021
377 375 -371756320.112823844
378 375 -17155399.872398078
379 375 976611518.056102753
380 375 205507077.839915127
381 375 -935098212.394486785
382 375 -166643533.914240658
383 375 775113531.008517265
384 375 -1360055.251527223
367 376 56724529.710734479
368 376 -591014325.454892397
369 376 56923233.214802541
370 376 -271033442.138534725
371 376 -8429491.047469849
372 376 210965108.974693269
373 376 70186913.395001054
374 376 -968994552.247602701
375 376 103256285.892770723
376 376 1089809587.346862793
377 376 13877830.006533099
378 376 -820894974.181775570
379 376 -140139516.957361639
380 376 1615556976.226891994
381 376 -164788674.156980217
382 376 -783292854.671895981
383 376 -9261262.732661061
384 376 624698970.226427913
367 377 486402530.848908484
368 377 -74607603.879922792
369 377 -356111336.765436232
370 377 -7023146.229218391
371 377 -363202086.157098353
372 377 69906896.654200792
373 377 597579903.173725486
374 377 -53031513.522573419
375 377 -371756320.112820983
376 377 13877830.006670613
377 377 1591553253.193851948
378 377 -288917612.374593616
379 377 -1067701459.065467477
380 377 143866173.071952641
381 377 851363096.794153094
382 377 90044.668000731
383 377 -1204098826.365259886
384 377 216021090.956148028
367 378 -141230312.919694543
368 378 535296302.601278543
369 378 20290658.393566325
370 378 229733185.997988760
371 378 74710150.209430054
372 378 -214798510.783291996
373 378 -143264741.011628091
374 378 733135031.769517183
375 378 -17155399.872419372
376 378 -820894974.181709766
377 378 -288917612.374385476
378 378 752067437.699745178
379 378 293147407.901429415
380 378 -1321371711.647568703
381 378 -21012600.895103540
382 378 566507873.072951436
383 378 212442511.676955640
384 378 -543960016.915248394
373 379 -1405294930.055816650
374 379 478458863.342217505
375 379 976611518.056102753
376 379 -140139516.957361639
377 379 -1067701459.065467477
378 379 293147407.901429415
379 379 1705175793.007991552
380 379 -484077549.316552281
381 379 -1301200329.612449884
382 379 180748738.390920222
383 379 620355971.345812082
384 379 -257518340.280504346
385 379 -301072766.679372072
386 379 350333.861813482
387 379 253807184.082746953
388 379 -46263406.328533046
389 379 454066828.477644145
390 379 -54098150.589351662
373 380 466641389.874852479
374 380 -3637028033.346093178
375 380 205507077.839915127
376 380 1615556976.226891994
377 380 143866173.071952641
378 380 -1321371711.647568703
379 380 -484077549.316561043
380 380 4325126288.850798607
381 380 -334012619.182093263
382 380 -986462066.356384039
383 380 -257395422.332814425
384 380 921998772.048028708
385 380 -18828416.378078979
386 380 -633227887.342061639
387 380 151753802.248603642
388 380 -563975166.874831200
389 380 135466244.314890265
390 380 494527756.048138380
373 381 1077831766.949331999
374 381 195394800.605611205
375 381 -935098212.394486785
376 381 -164788674.156980217
377 381 851363096.794153094
378 381 -21012600.895103540
379 381 -1301200329.612449408
380 381 -334012619.182093561
381 381 1240868024.139624834
382 381 3385562.829836532
383 381 -461637754.230467200
384 381 76646683.941882864
385 381 239470858.348307431
386 381 130075506.848871142
387 381 -248233345.058755368
388 381 155973659.317870766
389 381 -402535498.772425532
390 381 -58626555.268152162
373 382 -116411356.862533286
374 382 1543648617.521159649
375 382 -166643533.914240658
376 382 -783292854.671895981
377 382 90044.668000731
378 382 566507873.072951436
379 382 180748738.390910178
380 382 -986462066.356337905
381 382 3385562.829837644
382 382 1385914780.244436264
383 382 -198667059.561155975
384 382 -1095410802.129792213
385 382 -65663711.571029894
386 382 -635411580.208468199
387 382 196530573.631020486
388 382 -581840951.677274227
389 382 214050443.711064249
390 382 491019105.227495432
373 383 -1100110945.450026274
374 383 135205980.020832121
375 383 775113531.008517265
376 383 -9261262.732661061
377 383 -1204098826.365259886
378 383 212442511.676955640
379 383 620355971.345802665
380 383 -257395422.332811594
381 383 -461637754.230468333
382 383 -198667059.561092794
383 383 2030078165.683250666
384 383 -214590721.998988837
385 383 488115163.429800451
386 383 108480009.112785697
387 383 -457831470.003854692
388 383 178107674.649492294
389 383 -789733531.714049459
390 383 2671518.085438414
373 384 299153073.792978644
374 384 -1376714354.411786795
375 384 -1360055.251527223
376 384 624698970.226427913
377 384 216021090.956148028
378 384 -543960016.915248394
379 384 -257518340.280491978
380 384 921998772.047946095
381 384 76646683.941887170
382 384 -1095410802.129768848
383 384 -214590721.998930365
384 384 1025687916.632936716
385 384 -44952078.843084909
386 384 530917187.180395305
387 384 -76300408.986844629
388 384 464368700.236012101
389 384 -23422828.583110578
390 384 -451540795.258446395
379 385 -301072766.679372072
380 385 -18828416.378078979
381 385 239470858.348307431
382 385 -65663711.571029894
383 385 488115163.429800451
384 385 -44952078.843084909
385 385 1290658229.366044760
386 385 -365951325.483387411
387 385 -912745251.068595648
388 385 108827667.952297002
389 385 597193029.832996607
390 385 -332417617.340573668
391 385 -891945769.220371842
392 385 327492595.345764220
393 385 653550690.827513695
394 385 -7368403.185588066
395 385 -1089176918.677962780
396 385 371417046.692133486
379 386 350333.861813482
380 386 -633227887.342061639
381 386 130075506.848871142
382 386 -635411580.208468199
383 386 108480009.112785697
384 386 530917187.180395305
385 386 -365951325.483420491
386 386 3003775403.025066376
387 386 -348838942.857521415
388 386 -715874119.591129184
389 386 -192533831.794634223
390 386 506144405.495346487
391 386 427193537.636301994
392 386 -2206147121.995190620
393 386 122083387.595579669
394 386 1282784835.825091362
395 386 115694615.066464409
396 386 -1108531758.246570349
379 387 253807184.082746953
380 387 151753802.248603642
381 387 -248233345.058755368
382 387 196530573.631020486
383 387 -457831470.003854692
384 387 -76300408.986844629
385 387 -912745251.068581700
386 387 -348838942.857544482
387 387 899581098.567888379
388 387 45665353.835493468
389 387 -191249463.574381977
390 387 83706163.841468006
391 387 575116004.185501218
392 387 207361569.443888307
393 387 -603440662.333205342
394 387 -248507014.920482665
395 387 644657614.056646228
396 387 12715198.590975352
379 388 -46263406.328533046
380 388 -563975166.874831200
381 388 155973659.317870766
382 388 -581840951.677274227
383 388 178107674.649492294
384 388 464368700.236012101
385 388 108827667.951719999
386 388 -715874119.589859366
387 388 45665353.835879825
388 388 1891172813.099590778
389 388 -594388741.480567932
390 388 -998249326.027683616
391 388 -109494665.561935872
392 388 1278743116.813047409
393 388 -199003408.442531079
394 388 -1294912125.179185390
395 388 353796527.525456369
396 388 577984197.485370159
379 389 454066828.477644145
380 389 135466244.314890265
381 389 -402535498.772425532
382 389 214050443.711064249
383 389 -789733531.714049459
384 389 -23422828.583110578
385 389 597193029.832125902
386 389 -192533831.793762118
387 389 -191249463.574255079
388 389 -594388741.467760086
389 389 2708030369.523320675
390 389 -464829560.907936692
391 389 -983424269.846540570
392 389 41515344.235400297
393 389 686979151.471216440
394 389 461091469.331994653
395 389 -1886997566.527591705
396 389 437460870.199982643
379 390 -54098150.589351662
380 390 494527756.048138380
381 390 -58626555.268152162
382 390 491019105.227495432
383 390 2671518.085438414
384 390 -451540795.258446395
385 390 -332417617.339422286
386 390 506144405.492952526
387 390 83706163.841047004
388 390 -998249326.051525474
389 390 -464829560.891338944
390 390 1101922082.575989485
391 390 390361266.889058530
392 390 -1022908980.405187964
393 390 -48158031.688744001
394 390 470206027.939355969
395 390 498190480.727258444
396 390 -644322774.785536885
385 391 -891945769.220371842
386 391 427193537.636301994
387 391 575116004.185501218
388 391 -109494665.561935872
389 391 -983424269.846540570
390 391 390361266.889058530
391 391 1295644643.039075375
392 391 -525929246.247460783
393 391 -846610251.532097220
394 391 68165020.240571037
395 391 1107214005.529928446
396 391 -409008976.065639079
397 391 -244158496.693603218
398 391 93902566.972676158
399 391 123377612.171505064
400 391 -351177.109697432
401 391 -58652763.280830346
402 391 9652432.637111381
385 392 327492595.345764220
386 392 -2206147121.995190620
387 392 207361569.443888307
388 392 1278743116.813047409
389 392 41515344.235400297
390 392 -1022908980.405187964
391 392 -525929246.247389495
392 392 2977320087.105204105
393 392 -253378578.601461798
394 392 -1330003163.216135025
395 392 -92322162.591590941
396 392 1082084450.997427940
397 392 92009925.967882276
398 392 -510826309.378419161
399 392 50916473.603752628
400 392 40576561.458334826
401 392 -2291722.771171369
402 392 26545299.993645087
385 393 653550690.827513695
386 393 122083387.595579669
387 393 -603440662.333205342
388 393 -199003408.442531079
389 393 686979151.471216440
390 393 -48158031.688744001
391 393 -846610251.532079220
392 393 -253378578.601484984
393 393 854241416.622124076
394 393 252380124.357434124
395 393 -714505051.278438926
396 393 24157142.351422239
397 393 106091346.277170122
398 393 54443197.997336522
399 393 -111182414.903431624
400 393 -14844071.690654680
401 393 -1245158.042788606
402 393 3172466.974133820
385 394 -7368403.185588066
386 394 1282784835.825091362
387 394 -248507014.920482665
388 394 -1294912125.179185390
389 394 461091469.331994653
390 394 470206027.939355969
391 394 68165020.240411207
392 394 -1330003163.216208220
393 394 252380124.357190013
394 394 1422168110.357287884
395 394 -399359747.747248828
396 394 -651269560.943826079
397 394 -2550713.780707594
398 394 51128688.154874451
399 394 -14291475.495176969
400 394 -103266744.311551407
401 394 -26546952.524724670
402 394 101277205.479991108
385 395 -1089176918.677962780
386 395 115694615.066464409
387 395 644657614.056646228
388 395 353796527.525456369
389 395 -1886997566.527591705
390 395 498190480.727258444
391 395 1107214005.530001640
392 395 -92322162.591903955
393 395 -714505051.278554320
394 395 -399359747.746181726
395 395 2088612444.243763208
396 395 -555733551.774981618
397 395 -64976227.582438670
398 395 5322513.655579068
399 395 10903452.122645648
400 395 -24702923.118577037
401 395 -162990861.145719260
402 395 85777319.759427831
385 396 371417046.692133486
386 396 -1108531758.246570349
387 396 12715198.590975352
388 396 577984197.485370159
389 396 437460870.199982643
390 396 -644322774.785536885
391 396 -409008976.065738618
392 396 1082084450.998509169
393 396 24157142.351499081
394 396 -651269560.953531981
395 396 -555733551.773163438
396 396 821175064.194982648
397 396 13730129.925980531
398 396 18729018.329875603
399 396 -3366826.748565968
400 396 90722175.559523702
401 396 84452144.572882712
402 396 -140187065.606960505
391 397 -244158496.693603218
392 397 92009925.967882276
393 397 106091346.277170122
394 397 -2550713.780707594
395 397 -64976227.582438670
396 397 13730129.925980531
397 397 365868694.467569530
398 397 -145566268.181298643
399 397 -185851064.677001804
400 397 5588048.374227607
401 397 82934267.882513314
402 397 -22268363.898599990
403 397 -67776618.072811067
404 397 38949109.766873859
405 397 43121206.699406855
406 397 -3135840.315528446
407 397 -13060604.589344002
408 397 6652376.258443700
391 398 93902566.972676158
392 398 -510826309.378419161
393 398 54443197.997336522
394 398 51128688.154874451
395 398 5322513.655579068
396 398 18729018.329875603
397 398 -145566268.181341887
398 398 776312351.651727319
399 398 -79047169.442347214
400 398 -76905487.334395885
401 398 -7586513.918483465
402 398 7697399.299323283
403 398 32003912.445726711
404 398 -181372439.106288731
405 398 14141168.949302843
406 398 21251192.055133779
407 398 2237973.549196624
408 398 -21187525.348527368
391 399 123377612.171505064
392 399 50916473.603752628
393 399 -111182414.903431624
394 399 -14291475.495176969
395 399 10903452.122645648
396 399 -3366826.748565968
397 399 -185851064.677004158
398 399 -79047169.442352876
399 399 187258664.557719946
400 399 18632047.702095352
401 399 -21434967.884886399
402 399 1998465.544202930
403 399 40180914.720686235
404 399 13477783.785763407
405 399 -43353150.798965588
406 399 -2907073.049458066
407 399 9528192.765825536
408 399 107180.735334675
391 400 -351177.109697432
392 400 40576561.458334826
393 400 -14844071.690654680
394 400 -103266744.311551407
395 400 -24702923.118577037
396 400 90722175.559523702
397 400 5588048.374908703
398 400 -76905487.334883988
399 400 18632047.702045724
400 400 106489868.042896450
401 400 23328427.669882573
402 400 -100736201.726530492
403 400 -2559923.588889671
404 400 22866864.267393559
405 400 -3309919.133948354
406 400 -3070830.226691566
407 400 101451.760883686
408 400 2815634.252394186
391 401 -58652763.280830346
392 401 -2291722.771171369
393 401 -1245158.042788606
394 401 -26546952.524724670
395 401 -162990861.145719260
396 401 84452144.572882712
397 401 82934267.883248955
398 401 -7586513.919163388
399 401 -21434967.884903174
400 401 23328427.676310960
401 401 171493796.262437522
402 401 -87393738.390705124
403 401 -13185037.352374330
404 401 3599094.387053905
405 401 10415150.149836458
406 401 -92979.982283272
407 401 -3199762.040718748
408 401 1012533.674155631
391 402 9652432.637111381
392 402 26545299.993645087
393 402 3172466.974133820
394 402 101277205.479991108
395 402 85777319.759427831
396 402 -140187065.606960505
397 402 -22268363.899445146
398 402 7697399.300398603
399 402 1998465.544122010
400 402 -100736201.730336398
401 402 -87393738.393407434
402 402 150558074.236323237
403 402 6107457.029684860
404 402 -21516827.014859028
405 402 -196318.100181164
406 402 2576594.076793556
407 402 877637.331058436
408 402 -2978659.872534390
397 403 -67776618.072811067
398 403 32003912.445726711
399 403 40180914.720686235
400 403 -2559923.588889671
401 403 -13185037.352374330
402 403 6107457.029684860
403 403 1637646727.071665764
404 403 -479158733.237560391
405 403 -971124821.917904258
406 403 -7113394.648762045
407 403 43845448.810176201
408 403 -6456443.631144976
409 403 -294250614.574541211
410 403 208958015.271577567
411 403 206335454.744266391
412 403 9658691.874196058
413 403 30837995.550843384
414 403 -17932289.368401606
397 404 38949109.766873859
398 404 -181372439.106288731
399 404 13477783.785763407
400 404 22866864.267393559
401 404 3599094.387053905
402 404 -21516827.014859028
403 404 -479158733.237560511
404 404 3227797450.828619957
405 404 -364663334.192901134
406 404 -10072154.018389273
407 404 7275546.454722025
408 404 -340577.256245619
409 404 173360684.754911959
410 404 -1095049996.011863232
411 404 78849033.383109480
412 404 -68051102.776163891
413 404 -6180158.114633585
414 404 74777749.963825926
397 405 43121206.699406855
398 405 14141168.949302843
399 405 -43353150.798965588
400 405 -3309919.133948354
401 405 10415150.149836458
402 405 -196318.100181164
403 405 -971124821.917904496
404 405 -364663334.192901552
405 405 990974043.838419080
406 405 14352704.033393901
407 405 -39387095.964945100
408 405 -162151.805959516
409 405 207596834.021729052
410 405 41530061.556040652
411 405 -228484796.219826460
412 405 5794048.073727359
413 405 -28038889.529257294
414 405 1113019.657556218
397 406 -3135840.315528446
398 406 21251192.055133779
399 406 -2907073.049458066
400 406 -3070830.226691566
401 406 -92979.982283272
402 406 2576594.076793556
403 406 -7113394.648761609
404 406 -10072154.018389763
405 406 14352704.033393979
406 406 28844054.953076541
407 406 -2855043.328096403
408 406 -23357931.730219889
409 406 8571278.973006133
410 406 -75178769.365240663
411 406 8790079.355101757
412 406 -4776150.817032411
413 406 26280.452829597
414 406 5154462.809867253
397 407 -13060604.589344002
398 407 2237973.549196624
399 407 9528192.765825536
400 407 101451.760883686
401 407 -3199762.040718748
402 407 877637.331058436
403 407 43845448.810176305
404 407 7275546.454722145
405 407 -39387095.964945138
406 407 -2855043.328096561
407 407 38973867.388749078
408 407 -7343168.152220894
409 407 33653503.332756639
410 407 -12089620.698393904
411 407 -30687578.833685420
412 407 -279757.949031837
413 407 -4174433.925059339
414 407 1320410.889311034
397 408 6652376.258443700
398 408 -21187525.348527368
399 408 107180.735334675
400 408 2815634.252394186
401 408 1012533.674155631
402 408 -2978659.872534390
403 408 -6456443.631144430
404 408 -340577.256248996
405 408 -162151.805959920
406 408 -23357931.730218537
407 408 -7343168.152220283
408 408 25549956.202053614
409 408 -17072947.389231328
410 408 81302910.652407110
411 408 -1484886.773281227
412 408 5038806.986642950
413 408 950327.096007020
414 408 -5934704.683337839
403 409 -294250614.574541211
404 409 173360684.754911959
405 409 207596834.021729052
406 409 8571278.973006133
407 409 33653503.332756639
408 409 -17072947.389231328
409 409 3100730200.581140518
410 409 -968832860.015899777
411 409 -1350293412.922052145
412 409 -21022422.467673093
413 409 -118856453.121494219
414 409 53680973.517955996
415 409 -114830919.304866895
416 409 131265490.411080897
417 409 90205449.931428269
418 409 2804018.326888944
419 409 5793738.715473412
420 409 -4818773.494493205
403 410 208958015.271577567
404 410 -1095049996.011863232
405 410 41530061.556040652
406 410 -75178769.365240663
407 410 -12089620.698393904
408 410 81302910.652407110
409 410 -968832860.015899539
410 410 5767779987.981441498
411 410 -753087003.366295934
412 410 198519854.671745270
413 410 20546176.389221594
414 410 -203445212.802480966
415 410 130798781.987023830
416 410 -634398105.467851043
417 410 20790679.301745303
418 410 -18173506.431669544
419 410 -3000533.706534573
420 410 22256992.876007926
403 411 206335454.744266391
404 411 78849033.383109480
405 411 -228484796.219826460
406 411 8790079.355101757
407 411 -30687578.833685420
408 411 -1484886.773281227
409 411 -1350293412.922052622
410 411 -753087003.366296053
411 411 1383509283.592500687
412 411 -30182854.874484327
413 411 102771854.480380520
414 411 476246.078451290
415 411 82464493.892942831
416 411 20912290.910224691
417 411 -101230153.835845977
418 411 1212949.598031292
419 411 -5922200.660137055
420 411 128597.401209825
403 412 9658691.874196058
404 412 -68051102.776163891
405 412 5794048.073727359
406 412 -4776150.817032411
407 412 -279757.949031837
408 412 5038806.986642950
409 412 -21022422.467673089
410 412 198519854.671745479
411 412 -30182854.874484353
412 412 11634257.256089645
413 412 -299266.424899665
414 412 -10811201.986062346
415 412 2810874.463124002
416 412 -17179640.358064778
417 412 1224739.828273327
418 412 -745693.756807549
419 412 -119422.021533578
420 412 872606.343154615
403 413 30837995.550843384
404 413 -6180158.114633585
405 413 -28038889.529257294
406 413 26280.452829597
407 413 -4174433.925059339
408 413 950327.096007020
409 413 -118856453.121494293
410 413 20546176.389221586
411 413 102771854.480380520
412 413 -299266.424899652
413 413 13069339.948766718
414 413 -3141628.710441763
415 413 4958141.132933014
416 413 -2509622.192486313
417 413 -4866994.144795732
418 413 -123098.919765707
419 413 -935068.521244569
420 413 377673.782246341
403 414 -17932289.368401606
404 414 74777749.963825926
405 414 1113019.657556218
406 414 5154462.809867253
407 414 1320410.889311034
408 414 -5934704.683337839
409 414 53680973.517956093
410 414 -203445212.802481264
411 414 476246.078451286
412 414 -10811201.986062396
413 414 -3141628.710441773
414 414 12646070.199958412
415 414 -4303306.094895702
416 414 19972372.191205140
417 414 -210835.834770732
418 414 769877.581984882
419 414 354907.942336875
420 414 -956137.544037885
409 415 -114830919.304866895
410 415 130798781.987023830
411 415 82464493.892942831
412 415 2810874.463124002
413 415 4958141.132933014
414 415 -4303306.094895702
415 415 3536347599.631136417
416 415 -1309012304.189342022
417 415 -1849225793.077079773
418 415 -19467436.494933512
419 415 -120782723.402585983
420 415 53257280.034973077
421 415 -106315588.482991338
422 415 103421509.362949997
423 415 96911540.291401833
424 415 4107791.282587065
425 415 11458558.289262880
426 415 -7726104.010798984
409 416 131265490.411080897
410 416 -634398105.467851043
411 416 20912290.910224691
412 416 -17179640.358064778
413 416 -2509622.192486313
414 416 19972372.191205140
415 416 -1309012304.189342022
416 416 7018782870.443685532
417 416 -838865144.824483514
418 416 192150427.740530729
419 416 19478166.478006110
420 416 -200488253.459758371
421 416 95236813.721184805
422 416 -610094065.995495439
423 416 22765040.982058991
424 416 -31079284.012362558
425 416 -3449897.712139336
426 416 39543453.313735694
409 417 90205449.931428269
410 417 20790679.301745303
411 417 -101230153.835845977
412 417 1224739.828273327
413 417 -4866994.144795732
414 417 -210835.834770732
415 417 -1849225793.077079058
416 417 -838865144.824483275
417 417 1852555026.380970716
418 417 -30477444.169080976
419 417 106643897.455173597
420 417 -10729.983072395
421 417 91448203.528538138
422 417 12329818.787861859
423 417 -115865838.206960484
424 417 1980139.158477129
425 417 -11895558.355175968
426 417 358183.828302042
409 418 2804018.326888944
410 418 -18173506.431669544
411 418 1212949.598031292
412 418 -745693.756807549
413 418 -123098.919765707
414 418 769877.581984882
415 418 -19467436.494933538
416 418 192150427.740530580
417 418 -30477444.169080988
418 418 10296132.917938346
419 418 -346083.534353349
420 418 -9329886.648710171
421 418 4553558.619971311
422 418 -37156571.397392787
423 418 2871070.241190582
424 418 -1955747.945541557
425 418 -60647.632114843
426 418 2424839.191396206
409 419 5793738.715473412
410 419 -3000533.706534573
411 419 -5922200.660137055
412 419 -119422.021533578
413 419 -935068.521244569
414 419 354907.942336875
415 419 -120782723.402585983
416 419 19478166.478006121
417 419 106643897.455173597
418 419 -346083.534353356
419 419 12330061.756098030
420 419 -2866310.170028839
421 419 12799650.788698718
422 419 -5568731.770524647
423 419 -14079959.406041510
424 419 -127494.718230452
425 419 -1592782.106258519
426 419 531194.489640057
409 420 -4818773.494493205
410 420 22256992.876007926
411 420 128597.401209825
412 420 872606.343154615
413 420 377673.782246341
414 420 -956137.544037885
415 420 53257280.034973077
416 420 -200488253.459758282
417 420 -10729.983072393
418 420 -9329886.648710154
419 420 -2866310.170028822
420 420 11053229.033317277
421 420 -8008342.770205608
422 420 44307692.416349061
423 420 -173395.155680724
424 420 2264309.224938552
425 420 417336.437106527
426 420 -2955614.347409803
415 421 -106315588.482991338
416 421 95236813.721184805
417 421 91448203.528538138
418 421 4553558.619971311
419 421 12799650.788698718
420 421 -8008342.770205608
421 421 2090870271.571521759
422 421 -605918929.944917202
423 421 -791548873.312920332
424 421 -13187763.179714765
425 421 -73967126.375509173
426 421 34879130.634665132
427 421 -125085507.518405706
428 421 84786869.305694595
429 421 68265516.872956246
430 421 2301100.273148064
431 421 6427832.606873729
432 421 -4627859.510391476
415 422 103421509.362949997
416 422 -610094065.995495439
417 422 12329818.787861859
418 422 -37156571.397392787
419 422 -5568731.770524647
420 422 44307692.416349061
421 422 -605918929.944917440
422 422 3443876213.502971172
423 422 -494028013.565667212
424 422 117473341.067357048
425 422 13198863.577107999
426 422 -117535522.048550859
427 422 95728446.450855359
428 422 -372101499.010581493
429 422 21579129.142730847
430 422 -14530250.814236745
431 422 -2982841.127592666
432 422 17654340.647202577
415 423 96911540.291401833
416 423 22765040.982058991
417 423 -115865838.206960484
418 423 2871070.241190582
419 423 -14079959.406041510
420 423 -173395.155680724
421 423 -791548873.312920332
422 423 -494028013.565667152
423 423 746702715.599426627
424 423 -19606269.215761438
425 423 56032038.458227552
426 423 -11100.397393294
427 423 58834968.541007847
428 423 29348910.507787216
429 423 -69068068.963851810
430 423 1699403.455749175
431 423 -5392911.166548749
432 423 -115873.661451155
415 424 4107791.282587065
416 424 -31079284.012362558
417 424 1980139.158477129
418 424 -1955747.945541557
419 424 -127494.718230452
420 424 2264309.224938552
421 424 -13187763.179714767
422 424 117473341.067357063
423 424 -19606269.215761438
424 424 5529853.599818013
425 424 -121422.652759920
426 424 -5562053.191911330
427 424 2750349.211385712
428 424 -14092407.390198991
429 424 1309041.752336796
430 424 -709858.537127122
431 424 -55334.177779341
432 424 834674.194448407
415 425 11458558.289262880
416 425 -3449897.712139336
417 425 -11895558.355175968
418 425 -60647.632114843
419 425 -1592782.106258519
420 425 417336.437106527
421 425 -73967126.375509173
422 425 13198863.577108003
423 425 56032038.458227552
424 425 -121422.652759920
425 425 6113405.594717436
426 425 -1524998.444474580
427 425 5921299.043514504
428 425 -2183658.655607032
429 425 -5152584.448503209
430 425 -18855.297118990
431 425 -684950.660671996
432 425 230826.211828717
415 426 -7726104.010798984
416 426 39543453.313735694
417 426 358183.828302042
418 426 2424839.191396206
419 426 531194.489640057
420 426 -2955614.347409803
421 426 34879130.634665132
422 426 -117535522.048550829
423 426 -11100.397393294
424 426 -5562053.191911325
425 426 -1524998.444474579
426 426 7060630.868051294
427 426 -4695301.548870631
428 426 16142382.817420641
429 426 195227.486752973
430 426 766727.618191445
431 426 250728.472295036
432 426 -1000381.240980535
421 427 -125085507.518405706
422 427 95728446.450855359
423 427 58834968.541007847
424 427 2750349.211385712
425 427 5921299.043514504
426 427 -4695301.548870631
427 427 3752644112.688282013
428 427 -1277525048.590745687
429 427 -1917588113.390653610
430 427 -32377051.588508196
431 427 -243353422.313324869
432 427 110137932.226625517
433 427 -262202062.811036915
434 427 162840138.926732570
435 427 124003528.498363659
436 427 13603698.687896891
437 427 43836157.589940086
438 427 -30275984.142728865
421 428 84786869.305694595
422 428 -372101499.010581493
423 428 29348910.507787216
424 428 -14092407.390198991
425 428 -2183658.655607032
426 428 16142382.817420641
427 428 -1277525048.590745211
428 428 6202006981.099487305
429 428 -948602790.081693411
430 428 309185372.647241294
431 428 32467542.848897170
432 428 -277705512.957179725
433 428 145474708.519931912
434 428 -548048186.699549556
435 428 72192177.612417042
436 428 -68226486.481142193
437 428 -10655418.998165391
438 428 69269967.775993720
421 429 68265516.872956246
422 429 21579129.142730847
423 429 -69068068.963851810
424 429 1309041.752336796
425 429 -5152584.448503209
426 429 195227.486752973
427 429 -1917588113.390654087
428 429 -948602790.081693411
429 429 1905399878.072357655
430 429 -74187009.554379195
431 429 180565535.913643360
432 429 -90491.260388651
433 429 121055961.973338112
434 429 58758971.890164100
435 429 -127589168.333609879
436 429 13274178.993306385
437 429 -29682288.953983963
438 429 415348.264808376
421 430 2301100.273148064
422 430 -14530250.814236745
423 430 1699403.455749175
424 430 -709858.537127122
425 430 -18855.297118990
426 430 766727.618191445
427 430 -32377051.588508189
428 430 309185372.647240937
429 430 -74187009.554379195
430 430 28426740.121051472
431 430 -2004170.043237904
432 430 -22896060.517888281
433 430 14725134.143582786
434 430 -81381466.673527122
435 430 17396566.014716480
436 430 -10593071.027635805
437 430 167103.541116437
438 430 10246855.100927720
421 431 6427832.606873729
422 431 -2982841.127592666
423 431 -5392911.166548749
424 431 -55334.177779341
425 431 -684950.660671996
426 431 250728.472295036
427 431 -243353422.313324749
428 431 32467542.848897241
429 431 180565535.913643360
430 431 -2004170.043237898
431 431 33849807.823745236
432 431 -9624818.869056847
433 431 50616629.420110978
434 431 -17638961.347683609
435 431 -35621868.131061465
436 431 -311807.208527699
437 431 -10469218.055977857
438 431 4502030.667741420
421 432 -4627859.510391476
422 432 17654340.647202577
423 432 -115873.661451155
424 432 834674.194448407
425 432 230826.211828717
426 432 -1000381.240980535
427 432 110137932.226625502
428 432 -277705512.957180023
429 432 -90491.260388644
430 432 -22896060.517888330
431 432 -9624818.869056821
432 432 26982046.663061291
433 432 -33635244.533219114
434 432 81741530.291440159
435 432 -957975.033117492
436 432 9848767.913238706
437 432 3897146.145066390
438 432 -12694243.869139381
427 433 -262202062.811036915
428 433 145474708.519931912
429 433 121055961.973338112
430 433 14725134.143582786
431 433 50616629.420110978
432 433 -33635244.533219114
433 433 1888908707.109348774
434 433 -673582038.452746272
435 433 -740933490.738976240
436 433 -21981578.573603220
437 433 -105474072.862209022
438 433 59930632.923477016
439 433 -38643795.392640658
440 433 47533416.551138006
441 433 29738959.798954397
442 433 892779.286560161
443 433 1667478.369192310
444 433 -1476559.333756078
427 434 162840138.926732570
428 434 -548048186.699549556
429 434 58758971.890164100
430 434 -81381466.673527122
431 434 -17638961.347683609
432 434 81741530.291440159
433 434 -673582038.452746153
434 434 3032359848.759190559
435 434 -481715938.570801437
436 434 149901676.773775458
437 434 21501458.975645974
438 434 -139268809.770321906
439 434 45323053.419111274
440 434 -236310547.017701507
441 434 8324568.767088242
442 434 -5454750.944038271
443 434 -792893.663753732
444 434 6566018.259603223
427 435 124003528.498363659
428 435 72192177.612417042
429 435 -127589168.333609879
430 435 17396566.014716480
431 435 -35621868.131061465
432 435 -957975.033117492
433 435 -740933490.738976359
434 435 -481715938.570801497
435 435 734651028.707779527
436 435 -34099454.621791936
437 435 70793580.076904953
438 435 480119.597957156
439 435 29547860.973440830
440 435 4613262.438924939
441 435 -35361824.816588052
442 435 303182.887473022
443 435 -1626980.366137038
444 435 48860.695990740
427 436 13603698.687896891
428 436 -68226486.481142193
429 436 13274178.993306385
430 436 -10593071.027635805
431 436 -311807.208527699
432 436 9848767.913238706
433 436 -21981578.573603209
434 436 149901676.773775429
435 436 -34099454.621791944
436 436 16789094.803525716
437 436 -644305.115127212
438 436 -13883428.179764550
439 436 818563.467536917
440 436 -5180168.783323442
441 436 363356.639922182
442 436 -129755.109748379
443 436 -8732.064961054
444 436 149274.947497828
427 437 43836157.589940086
428 437 -10655418.998165391
429 437 -29682288.953983963
430 437 167103.541116437
431 437 -10469218.055977857
432 437 3897146.145066390
433 437 -105474072.862209022
434 437 21501458.975646000
435 437 70793580.076904953
436 437 -644305.115127212
437 437 17751817.802793268
438 437 -6081257.859322350
439 437 1552216.572091126
440 437 -908897.313037961
441 437 -1523128.246670361
442 437 -11528.434278663
443 437 -86090.310100641
444 437 33045.726995777
427 438 -30275984.142728865
428 438 69269967.775993720
429 438 415348.264808376
430 438 10246855.100927720
431 438 4502030.667741420
432 438 -12694243.869139381
433 438 59930632.923477024
434 438 -139268809.770321906
435 438 480119.597957156
436 438 -13883428.179764554
437 438 -6081257.859322352
438 438 17005747.815223832
439 438 -1311717.100331737
440 438 6074366.294999933
441 438 -49000.431189193
442 438 146366.389009014
443 438 27547.224847353
444 438 -174491.003974932
433 439 -38643795.392640658
434 439 45323053.419111274
435 439 29547860.973440830
436 439 818563.467536917
437 439 1552216.572091126
438 439 -1311717.100331737
439 439 1597733610.240165234
440 439 -985770588.095805407
441 439 -951197898.833208203
442 439 -1418769.729117591
443 439 -7416096.207721193
444 439 3558380.838855406
445 439 -31477980.401307896
446 439 38587294.873959810
447 439 10046540.166378051
448 439 -409232.486925262
449 439 -523135.670390048
450 439 722672.110801971
433 440 47533416.551138006
434 440 -236310547.017701507
435 440 4613262.438924939
436 440 -5180168.783323442
437 440 -908897.313037961
438 440 6074366.294999933
439 440 -985770588.095805407
440 440 4041477445.321347237
441 440 -388121426.130221903
442 440 17232051.567676745
443 440 1408849.469481114
444 440 -24293807.210384604
445 440 39151152.259005651
446 440 -86274014.156292319
447 440 5416180.306972511
448 440 1085066.615134664
449 440 415519.049471677
450 440 -1377058.656358417
433 441 29738959.798954397
434 441 8324568.767088242
435 441 -35361824.816588052
436 441 363356.639922182
437 441 -1523128.246670361
438 441 -49000.431189193
439 441 -951197898.833208203
440 441 -388121426.130221903
441 441 1131431492.225750923
442 441 -1359380.703540524
443 441 11085367.121172840
444 441 9920.259636487
445 441 9649103.290586656
446 441 4969644.444910598
447 441 -12869606.442959497
448 441 -150171.211742385
449 441 284426.801721786
450 441 -1871.232694136
433 442 892779.286560161
434 442 -5454750.944038271
435 442 303182.887473022
436 442 -129755.109748379
437 442 -11528.434278663
438 442 146366.389009014
439 442 -1418769.729117593
440 442 17232051.567676742
441 442 -1359380.703540523
442 442 1323358.135223260
443 442 -44789.943904143
444 442 -1377470.351199843
445 442 -428387.110187697
446 442 1081984.443367384
447 442 -151529.204109392
448 442 -18545.350988158
449 442 -2805.873615121
450 442 20026.296410321
433 443 1667478.369192310
434 443 -792893.663753732
435 443 -1626980.366137038
436 443 -8732.064961054
437 443 -86090.310100641
438 443 27547.224847353
439 443 -7416096.207721193
440 443 1408849.469481115
441 443 11085367.121172836
442 443 -44789.943904143
443 443 1497226.789771690
444 443 -416451.101867650
445 443 -505873.401644971
446 443 420500.615499710
447 443 280868.578460733
448 443 -3300.263811467
449 443 -16629.515514693
450 443 9051.906824486
433 444 -1476559.333756078
434 444 6566018.259603223
435 444 48860.695990740
436 444 149274.947497828
437 444 33045.726995777
438 444 -174491.003974932
439 444 3558380.838855403
440 444 -24293807.210384607
441 444 9920.259636488
442 444 -1377470.351199842
443 444 -416451.101867650
444 444 1810091.800348995
445 444 695961.288448709
446 444 -1302067.425147532
447 444 3091.871492667
448 444 21130.162898425
449 444 9244.105115265
450 444 -25780.603182262
439 445 -31477980.401307896
440 445 39151152.259005651
441 445 9649103.290586656
442 445 -428387.110187697
443 445 -505873.401644971
444 445 695961.288448709
445 445 2103587227.132896900
446 445 -1300937274.987537622
447 445 -1034418761.152307510
448 445 -4366093.026651985
449 445 -18517119.057929371
450 445 11886897.340889424
451 445 -133820852.344778001
452 445 138876267.577045411
453 445 40997418.770958908
454 445 2595181.652595302
455 445 3978038.498404897
456 445 -5047116.018302829
439 446 38587294.873959810
440 446 -86274014.156292319
441 446 4969644.444910598
442 446 1081984.443367384
443 446 420500.615499710
444 446 -1302067.425147532
445 446 -1300937274.987537861
446 446 4216138431.715754509
447 446 -554096477.920176864
448 446 26942627.713811997
449 446 4383389.611724129
450 446 -27301760.351145990
451 446 137649700.792768061
452 446 -293758646.677055120
453 446 28196500.141476203
454 446 -7033927.567758341
455 446 -2483367.796244062
456 446 8650855.208756475
439 447 10046540.166378051
440 447 5416180.306972511
441 447 -12869606.442959497
442 447 -151529.204109392
443 447 280868.578460733
444 447 3091.871492667
445 447 -1034418761.152307272
446 447 -554096477.920176983
447 447 1222685734.966647863
448 447 -6490033.857464314
449 447 13866955.509329487
450 447 -17296.585072094
451 447 42957386.500724345
452 447 21275285.068442855
453 447 -56313296.098192237
454 447 1250737.785204157
455 447 -2251261.565094708
456 447 101828.100508673
439 448 -409232.486925262
440 448 1085066.615134664
441 448 -150171.211742385
442 448 -18545.350988158
443 448 -3300.263811467
444 448 21130.162898425
445 448 -4366093.026651983
446 448 26942627.713811994
447 448 -6490033.857464314
448 448 1453473.569917449
449 448 -43531.564696964
450 448 -1304371.285087897
451 448 2535754.374710405
452 448 -6793888.618050564
453 448 1340349.058020122
454 448 -176914.765106987
455 448 -27905.183020067
456 448 192963.527518815
439 449 -523135.670390048
440 449 415519.049471677
441 449 284426.801721786
442 449 -2805.873615121
443 449 -16629.515514693
444 449 9244.105115265
445 449 -18517119.057929371
446 449 4383389.611724127
447 449 13866955.509329487
448 449 -43531.564696964
449 449 1511463.890474494
450 449 -632328.413936641
451 449 3925765.778844089
452 449 -2641161.594057740
453 449 -2128781.771654888
454 449 -31596.596621692
455 449 -140240.288495939
456 449 116285.272626672
439 450 722672.110801971
440 450 -1377058.656358417
441 450 -1871.232694136
442 450 20026.296410321
443 450 9051.906824486
444 450 -25780.603182262
445 450 11886897.340889420
446 450 -27301760.351145990
447 450 -17296.585072094
448 450 -1304371.285087897
449 450 -632328.413936641
450 450 1706698.075948614
451 450 -4723168.059188594
452 450 8186823.588184281
453 450 -97570.496812727
454 450 187955.302052319
455 450 105551.602177271
456 450 -257576.469358680
445 451 -133820852.344778001
446 451 137649700.792768061
447 451 42957386.500724345
448 451 2535754.374710405
449 451 3925765.778844089
450 451 -4723168.059188594
451 451 2339204269.813004494
452 451 -1075933825.549459934
453 451 -975934882.024562716
454 451 138910978.283473819
455 451 641678203.032685637
456 451 -395937082.621355116
457 451 -716709567.934508204
458 451 272994961.702572644
459 451 240965983.534519970
460 451 -143569116.825410008
461 451 -658970931.095815778
462 451 434642931.812473118
445 452 138876267.577045411
446 452 -293758646.677055120
447 452 21275285.068442855
448 452 -6793888.618050564
449 452 -2641161.594057740
450 452 8186823.588184281
451 452 -1075933825.549507856
452 452 3631944623.675477982
453 452 -632365750.235930681
454 452 -742217767.230641723
455 452 -128568448.808991283
456 452 517565890.855684698
457 452 275812956.351563990
458 452 -915153875.476428628
459 452 212553809.731928855
460 452 776910309.800860763
461 452 132426594.352381334
462 452 -574577671.395360589
445 453 40997418.770958908
446 453 28196500.141476203
447 453 -56313296.098192237
448 453 1340349.058020122
449 453 -2128781.771654888
450 453 -97570.496812727
451 453 -975934882.024575353
452 453 -632365750.235978007
453 453 1100919649.649233580
454 453 257082838.894969672
455 453 -298525139.489155352
456 453 -10342529.473749520
457 453 242185891.894196749
458 453 198876574.226701021
459 453 -238468558.260614008
460 453 -271087054.454892695
461 453 319364624.311330616
462 453 5932684.624170453
445 454 2595181.652595302
446 454 -7033927.567758341
447 454 1250737.785204157
448 454 -176914.765106987
449 454 -31596.596621692
450 454 187955.302052319
451 454 138910978.282283336
452 454 -742217767.229928136
453 454 257082838.895799667
454 454 983174490.625706673
455 454 -66568127.974929087
456 454 -640236921.304021955
457 454 -155890737.589933366
458 454 771139033.778364182
459 454 -281727173.439006448
460 454 -964893321.689322948
461 454 70810537.969106451
462 454 637795128.433923602
445 455 3978038.498404897
446 455 -2483367.796244062
447 455 -2251261.565094708
448 455 -27905.183020067
449 455 -140240.288495939
450 455 105551.602177271
451 455 641678203.031785607
452 455 -128568448.808845773
453 455 -298525139.488949478
454 455 -66568127.985690795
455 455 892094573.191951632
456 455 -401443846.908353031
457 455 -662102268.484009147
458 455 141468857.462924749
459 455 320036562.330688775
460 455 73364316.210217357
461 455 -866476003.279678464
462 455 413768785.600270987
445 456 -5047116.018302829
446 456 8650855.208756475
447 456 101828.100508673
448 456 192963.527518815
449 456 116285.272626672
450 456 -257576.469358680
451 456 -395937082.620133042
452 456 517565890.855949163
453 456 -10342529.474274814
454 456 -640236921.285731792
455 456 -401443846.907112956
456 456 741057276.605566382
457 456 426094083.199703574
458 456 -562032595.895496607
459 456 19477150.989789907
460 456 623777599.391454697
461 456 386411192.034682512
462 456 -746981308.542041302
451 457 -716709567.934508204
452 457 275812956.351563990
453 457 242185891.894196749
454 457 -155890737.589933366
455 457 -662102268.484009147
456 457 426094083.199703574
457 457 1943300493.521927834
458 457 -735616881.367696285
459 457 -799137427.335968375
460 457 81921041.269714922
461 457 359256491.506912053
462 457 -253613520.452310652
463 457 -652993609.429301858
464 457 353520380.512390435
465 457 334316441.280757487
466 457 62782592.718761951
467 457 248011204.233548731
468 457 -166375637.668527246
451 458 272994961.702572644
452 458 -915153875.476428628
453 458 198876574.226701021
454 458 771139033.778364182
455 458 141468857.462924749
456 458 -562032595.895496607
457 458 -735616881.367663980
458 458 3056643488.293897629
459 458 -527993780.702861071
460 458 -370997888.425989151
461 458 -66694702.362084955
462 458 213742334.810923070
463 458 369975234.765372217
464 458 -1422815139.561906815
465 458 167484633.544948608
466 458 -345122428.453878820
467 458 -67354194.308561698
468 458 328373034.508784413
451 459 240965983.534519970
452 459 212553809.731928855
453 459 -238468558.260614008
454 459 -281727173.439006448
455 459 320036562.330688775
456 459 19477150.989789907
457 459 -799137427.335973620
458 459 -527993780.702857792
459 459 798145209.592281461
460 459 177809901.209038079
461 459 -136751786.485415936
462 459 -15226338.907686448
463 459 328615548.536544919
464 459 165906691.568373948
465 459 -366599342.287286222
466 459 86788948.584714606
467 459 -152784648.940887004
468 459 404079.341830629
451 460 -143569116.825410008
452 460 776910309.800860763
453 460 -271087054.454892695
454 460 -964893321.689322948
455 460 73364316.210217357
456 460 623777599.391454697
457 460 81921041.268936172
458 460 -370997888.423512042
459 460 177809901.209076792
460 460 1159488123.402200460
461 460 -94299100.038382575
462 460 -749704376.872486115
463 460 69560003.460651308
464 460 -342246341.618895769
465 460 86197988.961522013
466 460 -124515344.086103916
467 460 2481265.543409233
468 460 91766272.563176244
451 461 -658970931.095815778
452 461 132426594.352381334
453 461 319364624.311330616
454 461 70810537.969106451
455 461 -866476003.279678464
456 461 386411192.034682512
457 461 359256491.506674528
458 461 -66694702.361441813
459 461 -136751786.485426962
460 461 -94299100.042091534
461 461 1061936069.454124093
462 461 -484319592.672175109
463 461 244468592.722374797
464 461 -64990637.681368008
465 461 -153122126.053523511
466 461 4288771.727784669
467 461 -124403520.037146688
468 461 57322853.971206218
451 462 434642931.812473118
452 462 -574577671.395360589
453 462 5932684.624170453
454 462 637795128.433923602
455 462 413768785.600270987
456 462 -746981308.542041302
457 462 -253613520.452841908
458 462 213742334.814173281
459 462 -15226338.907920973
460 462 -749704376.948358655
461 462 -484319592.689376652
462 462 899300100.349255681
463 462 -163635091.368471861
464 462 319318795.432434022
465 462 -429439.237260059
466 462 89115593.446221158
467 462 55950811.472674876
468 462 -109325340.228430510
457 463 -652993609.429301858
458 463 369975234.765372217
459 463 328615548.536544919
460 463 69560003.460651308
461 463 244468592.722374797
462 463 -163635091.368471861
463 463 2929645214.087159157
464 463 -1135354921.197944164
465 463 -1436707916.020874500
466 463 -106303306.175059035
467 463 -445281700.402343929
468 463 278445232.569157541
469 463 -926505533.601615667
470 463 544385516.657646418
471 463 575070584.527678728
472 463 33901812.356324203
473 463 92423782.631445676
474 463 -69020323.950687364
457 464 353520380.512390435
458 464 -1422815139.561906815
459 464 165906691.568373948
460 464 -342246341.618895769
461 464 -64990637.681368008
462 464 319318795.432434022
463 464 -1135354921.197985649
464 464 5980781204.707382202
465 464 -658943249.795450211
466 464 719574344.950922966
467 464 92580697.919495016
468 464 -724710406.443655491
469 464 552113452.364803791
470 464 -2887609885.807880878
471 464 190075369.546355218
472 464 -264757906.669222295
473 464 -19412214.211157810
474 464 311970974.425974429
457 465 334316441.280757487
458 465 167484633.544948608
459 465 -366599342.287286222
460 465 86197988.961522013
461 465 -153122126.053523511
462 465 -429439.237260059
463 465 -1436707916.020897150
464 465 -658943249.795433998
465 465 1474680617.156953335
466 465 -165282103.055710226
467 465 329191847.332203150
468 465 13722608.256823774
469 465 573862723.612016678
470 465 177912947.627334744
471 465 -654323545.649477005
472 465 39151120.268802874
473 465 -92819458.381041721
474 465 -13885052.845418926
457 466 62782592.718761951
458 466 -345122428.453878820
459 466 86788948.584714606
460 466 -124515344.086103916
461 466 4288771.727784669
462 466 89115593.446221158
463 466 -106303306.174540818
464 466 719574344.951056480
465 466 -165282103.055222094
466 466 228919006.417810291
467 466 76813704.581586137
468 466 -194020661.979090154
469 466 31706816.994371418
470 466 -267756345.437966377
471 466 36584152.401092753
472 466 -75283471.011488035
473 466 -85320151.873702198
474 466 88592396.224861547
457 467 248011204.233548731
458 467 -67354194.308561698
459 467 -152784648.940887004
460 467 2481265.543409233
461 467 -124403520.037146688
462 467 55950811.472674876
463 467 -445281700.401892900
464 467 92580697.918515876
465 467 329191847.332135022
466 467 76813704.571360230
467 467 770290953.216644764
468 467 -325090153.740287483
469 467 69964281.215519369
470 467 -27544833.534392156
471 467 -114548617.930431008
472 467 -83192452.218560100
473 467 -608729128.347268581
474 467 261033767.425146073
457 468 -166375637.668527246
458 468 328373034.508784413
459 468 404079.341830629
460 468 91766272.563176244
461 468 57322853.971206218
462 468 -109325340.228430510
463 468 278445232.568147719
464 468 -724710406.442356110
465 468 13722608.256839631
466 468 -194020661.937239319
467 468 -325090153.732889652
468 468 299453841.195815504
469 468 -58604007.348489068
470 468 311914449.578410268
471 468 -4964687.344271112
472 468 86268775.713261321
473 468 257379467.774078816
474 468 -170996540.802092612
463 469 -926505533.601615667
464 469 552113452.364803791
465 469 573862723.612016678
466 469 31706816.994371418
467 469 69964281.215519369
468 469 -58604007.348489068
469 469 3691819992.316749096
470 469 -1465340070.374973297
471 469 -2083924848.701445341
472 469 -90952865.152462304
473 469 -419419404.528410196
474 469 249421065.488206923
475 469 -958074677.056895494
476 469 507894753.152332544
477 469 388320576.856058657
478 469 48560570.286471106
479 469 192578419.421397209
480 469 -136672968.675596803
463 470 544385516.657646418
464 470 -2887609885.807880878
465 470 177912947.627334744
466 470 -267756345.437966377
467 470 -27544833.534392156
468 470 311914449.578410268
469 470 -1465340070.374965191
470 470 7828419253.133318901
471 470 -836248792.352821946
472 470 680392104.606248736
473 470 85709581.417394042
474 470 -685980181.034429312
475 470 531072271.672329366
476 470 -1583282903.520290852
477 470 269839681.598477960
478 470 -233772179.423296124
479 470 -52441701.882035814
480 470 197808576.789746910
463 471 575070584.527678728
464 471 190075369.546355218
465 471 -654323545.649477005
466 471 36584152.401092753
467 471 -114548617.930431008
468 471 -4964687.344271112
469 471 -2083924848.701447010
470 471 -836248792.352812290
471 471 2290527626.877273083
472 471 -157957213.817721248
473 471 358431095.851378143
474 471 5243283.735006291
475 471 377291511.037843645
476 471 268728620.348361731
477 471 -426207350.310027897
478 471 75460175.544462875
479 471 -98041808.904235274
480 471 -107417.638307451
463 472 33901812.356324203
464 472 -264757906.669222295
465 472 39151120.268802874
466 472 -75283471.011488035
467 472 -83192452.218560100
468 472 86268775.713261321
469 472 -90952865.152400061
470 472 680392104.606101990
471 472 -157957213.817716986
472 472 148568909.670548320
473 472 78847120.829994217
474 472 -134515961.476843357
475 472 54193383.861728795
476 472 -232502070.399259329
477 472 74999766.606416687
478 472 -46261378.516432412
479 472 -163968.880936962
480 472 30779808.079476599
463 473 92423782.631445676
464 473 -19412214.211157810
465 473 -92819458.381041721
466 473 -85320151.873702198
467 473 -608729128.347268581
468 473 257379467.774078816
469 473 -419419404.528383136
470 473 85709581.417503208
471 473 358431095.851358294
472 473 78847120.830495939
473 473 689088283.361872673
474 473 -293143315.678529501
475 473 190678546.649085313
476 473 -50161170.946958922
477 473 -99190318.664540842
478 473 669184.084737607
479 473 -45346486.724816144
480 473 24008967.886239957
463 474 -69020323.950687364
464 474 311970974.425974429
465 474 -13885052.845418926
466 474 88592396.224861547
467 474 261033767.425146073
468 474 -170996540.802092612
469 474 249421065.488225907
470 474 -685980181.034425259
471 474 5243283.735005269
472 474 -134515961.477695942
473 474 -293143315.678706527
474 474 228680352.195114613
475 474 -134732887.039663941
476 474 191906368.370754421
477 474 -70245.728251395
478 474 29695440.057616316
479 474 23458292.690484125
480 474 -35881104.238790438
469 475 -958074677.056895494
470 475 531072271.672329366
471 475 377291511.037843645
472 475 54193383.861728795
473 475 190678546.649085313
474 475 -134732887.039663941
475 475 6963292512.470201492
476 475 -2373871424.230991364
477 475 -2473928199.436932087
478 475 -40524251.092149816
479 475 -297660586.107337415
480 475 182393280.430930018
481 475 -270976777.944512486
482 475 85589796.033443004
483 475 43165450.643061794
484 475 -2311153.747814848
485 475 -14303859.429970613
486 475 9135900.936436636
469 476 507894753.152332544
470 476 -1583282903.520290852
471 476 268728620.348361731
472 476 -232502070.399259329
473 476 -50161170.946958922
474 476 191906368.370754421
475 476 -2373871424.231001377
476 476 8693859605.303987503
477 476 -2109040629.620879173
478 476 359419746.180499077
479 476 40410601.694241323
480 476 -283348591.983586609
481 476 85348442.378501132
482 476 -256772036.114725560
483 476 71712827.124568373
484 476 9277666.329540059
485 476 2395395.624969315
486 476 -2321415.757439243
469 477 388320576.856058657
470 477 269839681.598477960
471 477 -426207350.310027897
472 477 74999766.606416687
473 477 -99190318.664540842
474 477 -70245.728251395
475 477 -2473928199.436934471
476 477 -2109040629.620877504
477 477 2492445814.607158184
478 477 -132747646.868131876
479 477 178842194.655880123
480 477 113649.397900679
481 477 46946185.483099468
482 477 67192161.105808809
483 477 -57621505.090156659
484 477 -5041939.411747620
485 477 2198955.210561740
486 477 -197825.855004909
469 478 48560570.286471106
470 478 -233772179.423296124
471 478 75460175.544462875
472 478 -46261378.516432412
473 478 669184.084737607
474 478 29695440.057616316
475 478 -40524251.092156947
476 478 359419746.180502355
477 478 -132747646.868141711
478 478 98704932.438683525
479 478 -8567575.071589753
480 478 -51320032.262475722
481 478 -2370323.528977524
482 478 8852175.984030597
483 478 -5259014.828339076
484 478 -1559625.941236277
485 478 -102393.945821690
486 478 742264.661862230
469 479 192578419.421397209
470 479 -52441701.882035814
471 479 -98041808.904235274
472 479 -163968.880936962
473 479 -45346486.724816144
474 479 23458292.690484125
475 479 -297660586.107355773
476 479 40410601.694232985
477 479 178842194.655875117
478 479 -8567575.071514547
479 479 97612901.507706821
480 479 -45905234.116190217
481 479 -14366274.935826784
482 479 2274547.507620192
483 479 1928622.061868541
484 479 -137906.400712811
485 479 -1518773.834861884
486 479 872986.191113136
469 480 -136672968.675596803
470 480 197808576.789746910
471 480 -107417.638307451
472 480 30779808.079476599
473 480 24008967.886239957
474 480 -35881104.238790438
475 480 182393280.430929661
476 480 -283348591.983556390
477 480 113649.397899180
478 480 -51320032.262438901
479 480 -45905234.115987092
480 480 61238240.811632521
481 480 8783279.974418120
482 480 -2153369.498724264
483 480 202898.787276152
484 480 734360.956683646
485 480 866565.229198680
486 480 -946763.203379023
475 481 -270976777.944512486
476 481 85348442.378501132
477 481 46946185.483099468
478 481 -2370323.528977524
479 481 -14366274.935826784
480 481 8783279.974418120
481 481 14671673543.534656525
482 481 -5406512269.205662727
483 481 -4425225502.812590599
484 481 -15953588.068225844
485 481 -42070042.548818439
486 481 24004345.816613629
487 481 -351007358.048943102
488 481 243056272.385938615
489 481 99040022.819563657
490 481 1680520.821301194
491 481 3672888.080822235
492 481 -2979569.386200982
475 482 85589796.033443004
476 482 -256772036.114725560
477 482 67192161.105808809
478 482 8852175.984030597
479 482 2274547.507620192
480 482 -2153369.498724264
481 482 -5406512269.205662727
482 482 16931610418.838537216
483 482 -4256869084.544469833
484 482 76947426.212660030
485 482 15984014.950394029
486 482 -92724442.162294164
487 482 240123317.845100909
488 482 -683371204.746261716
489 482 74592286.374908149
490 482 -6158733.892689826
491 482 -1631683.690741564
492 482 6045881.325461766
475 483 43165450.643061794
476 483 71712827.124568373
477 483 -57621505.090156659
478 483 -5259014.828339076
479 483 1928622.061868541
480 483 202898.787276152
481 483 -4425225502.812590599
482 483 -4256869084.544471741
483 483 5185217119.281822205
484 483 -7457016.052923238
485 483 44150547.736719623
486 483 -30426.882171008
487 483 101007998.129019037
488 483 69174009.561300054
489 483 -108624822.876241907
490 483 997194.315172481
491 483 -1611590.277869819
492 483 24086.436211454
475 484 -2311153.747814848
476 484 9277666.329540059
477 484 -5041939.411747620
478 484 -1559625.941236277
479 484 -137906.400712811
480 484 734360.956683646
481 484 -15953588.068225970
482 484 76947426.212659582
483 484 -7457016.052924264
484 484 8923303.648965485
485 484 -192845.518468970
486 484 -3426707.245337128
487 484 1648363.593559425
488 484 -6128600.803427349
489 484 1036308.197327878
490 484 -61292.015553052
491 484 -8808.162867650
492 484 52862.573769977
475 485 -14303859.429970613
476 485 2395395.624969315
477 485 2198955.210561740
478 485 -102393.945821690
479 485 -1518773.834861884
480 485 866565.229198680
481 485 -42070042.548809670
482 485 15984014.950399423
483 485 44150547.736715749
484 485 -192845.518484616
485 485 8389782.407164177
486 485 -4530163.485319774
487 485 3681821.745688063
488 485 -1695882.584376973
489 485 -1591644.124941315
490 485 -9709.828634277
491 485 -46717.686376353
492 485 26643.743866098
475 486 9135900.936436636
476 486 -2321415.757439243
477 486 -197825.855004909
478 486 742264.661862230
479 486 872986.191113136
480 486 -946763.203379023
481 486 24004345.816615108
482 486 -92724442.162288144
483 486 -30426.882172407
484 486 -3426707.245356410
485 486 -4530163.485315177
486 486 5101339.709687595
487 486 -2929090.433254967
488 486 6029710.485327501
489 486 -24764.015700171
490 486 53906.291168917
491 486 26953.333338778
492 486 -62388.206948449
481 487 -351007358.048943102
482 487 240123317.845100909
483 487 101007998.129019037
484 487 1648363.593559425
485 487 3681821.745688063
486 487 -2929090.433254967
487 487 19748434550.195030212
488 487 -8736740811.131906509
489 487 -7390613623.441813469
490 487 -45351948.942202404
491 487 -217852637.823541850
492 487 131718597.097916186
481 488 243056272.385938615
482 488 -683371204.746261716
483 488 69174009.561300054
484 488 -6128600.803427349
485 488 -1695882.584376973
486 488 6029710.485327501
487 488 -8736740811.131906509
488 488 28659230690.179546356
489 488 -5550158189.883886337
490 488 270253236.378719747
491 488 45350891.939254373
492 488 -225989455.650305718
481 489 99040022.819563657
482 489 74592286.374908149
483 489 -108624822.876241907
484 489 1036308.197327878
485 489 -1591644.124941315
486 489 -24764.015700171
487 489 -7390613623.441813469
488 489 -5550158189.883886337
489 489 8392997439.687070847
490 489 -77826291.987599835
491 489 118669584.379475445
492 489 1057.002947881
481 490 1680520.821301194
482 490 -6158733.892689826
483 490 997194.315172481
484 490 -61292.015553052
485 490 -9709.828634277
486 490 53906.291168917
487 490 -45351948.942202404
488 490 270253236.378719747
489 490 -77826291.987599835
490 490 2810028.866810143
491 490 -23744.675369262
492 490 -1935457.282305537
481 491 3672888.080822235
482 491 -1631683.690741564
483 491 -1611590.277869819
484 491 -8808.162867650
485 491 -46717.686376353
486 491 26953.333338778
487 491 -217852637.823541850
488 491 45350891.939254373
489 491 118669584.379475445
490 491 -23744.675369262
491 491 2861558.874393451
492 491 -1123209.043880748
481 492 -2979569.386200982
482 492 6045881.325461766
483 492 24086.436211454
484 492 52862.573769977
485 492 26643.743866098
486 492 -62388.206948449
487 492 131718597.097916186
488 492 -225989455.650305718
489 492 1057.002947881
490 492 -1935457.282305538
491 492 -1123209.043880748
492 492 2273610.099538974
